751,-576457177337,-0.031536141041754284,1.570244113390584,4.969766233766234,1.5259239563945757,1,2,1
752,-576457177142,0.0010264153964349987,1.5601875252214659,4.9356883116883115,1.513427279978729,1,2,1
753,-576457177063,0.0422007976533223,1.5123874250360914,4.881974025974026,1.4635292032260923,1,2,1
754,-576457176937,-0.013576493921016564,1.5300054308417526,4.940467532467532,1.4843569972525037,1,2,1
755,-576457176814,0.008790536754043288,1.5524187464591026,4.925922077922078,1.5051847912789154,1,2,1
756,-576457176630,0.011298528729459356,1.544223199314239,4.921038961038961,1.4968536736683506,1,2,1
757,-576457176527,0.028531328551697932,1.5659090518002496,4.911272727272728,1.5175928387840114,1,2,1
758,-576457176322,-0.027828124358983963,1.5497470541795413,4.96,1.5051847912789154,1,2,1
759,-576457176296,0.019238366507575932,1.5530165715829578,4.916155844155844,1.5051847912789154,1,2,1
760,-576457176164,0.08545702582449888,1.567523155088793,4.857662337662338,1.5175928387840114,1,2,1
761,-576457176031,0.042347169538976104,1.5290682356106124,4.886857142857143,1.4801914384472215,1,2,1
762,-576457175902,0.056750225295247425,1.5420614147016385,4.877090909090909,1.4926881148630682,1,2,1
763,-576457175770,0.019032565026076753,1.536318833348533,4.911272727272728,1.488522556057786,1,2,1
764,-576457175635,0.0554003982995237,1.5378542520761116,4.877090909090909,1.488522556057786,1,2,1
765,-576457175503,0.027158948927273663,1.5616733486644638,4.911272727272728,1.513427279978729,1,2,1
766,-576457175375,-0.004104055171957555,1.5598425340016657,4.940467532467532,1.513427279978729,1,2,1
767,-576457175245,0.019032565026076753,1.536318833348533,4.911272727272728,1.488522556057786,1,2,1
768,-576457175115,0.06903893358558122,1.579776237523324,4.877090909090909,1.5300895151998584,1,2,1
769,-576457174987,0.042548712131602606,1.5457507378894055,4.891740259740259,1.4968536736683506,1,2,1
770,-576457174856,0.04660306241692869,1.5583168467056876,4.891740259740259,1.5092617211734467,1,2,1
771,-576457174726,0.033510090257545144,1.5495458739759105,4.901506493506494,1.501019232473633,1,2,1
772,-576457174594,0.02694694689514332,1.545069955489205,4.906389610389611,1.4968536736683506,1,2,1
773,-576457174377,-0.005222730905870776,1.5722917255242452,4.945350649350649,1.5259239563945757,1,2,1
774,-576457174274,0.018093866115771462,1.5653809453601595,4.921038961038961,1.5175928387840114,1,2,1
776,-576457174068,-0.016127743128197203,1.5381640217158263,4.945350649350649,1.4926881148630682,1,2,1
777,-576457173943,0.014017043460211376,1.5527269170018996,4.921038961038961,1.5051847912789154,1,2,1
778,-576457173813,-0.027828124358983963,1.5497470541795413,4.96,1.5051847912789154,1,2,1
779,-576457173681,0.07755680929117137,1.559094843338299,4.8625454545454545,1.5092617211734467,1,2,1
780,-576457173550,-5.132674852639241e-4,1.5393001347320485,4.9308051948051945,1.4926881148630682,1,2,1
781,-576457173419,-0.0819880604680705,1.539945999727107,5.008727272727273,1.501019232473633,1,2,1
782,-576457173289,0.033510090257545144,1.5495458739759105,4.901506493506494,1.501019232473633,1,2,1
783,-576457173157,-0.00952701293384628,1.5428411683137053,4.940467532467532,1.4968536736683506,1,2,1
784,-576457172943,-0.027828124358983963,1.5497470541795413,4.96,1.5051847912789154,1,2,1
785,-576457172865,-0.05829140325124804,1.5342714171977487,4.984415584415584,1.4926881148630682,1,2,1
786,-576457172757,0.13496258704268715,1.5464453006647858,4.804051948051948,1.4968536736683506,1,2,1
787,-576457172634,0.19801052890296855,1.535292340287585,4.740675324675325,1.488522556057786,1,2,1
788,-576457172443,0.054534270612460745,1.5669116295222258,4.886857142857143,1.5175928387840114,1,2,1
789,-576457172329,0.10438008071784388,1.5468472651768268,4.833246753246753,1.4968536736683506,1,2,1
790,-576457172226,0.13768110177343829,1.554713059179886,4.804051948051948,1.5051847912789154,1,2,1
791,-576457172115,0.09475084335847406,1.58008051124086,4.852779220779221,1.5300895151998584,1,2,1
792,-576457171944,0.12380326246532558,1.5590740033859962,4.818597402597403,1.5092617211734467,1,2,1
793,-576457171817,0.08029779639215828,1.567464941111165,4.8625454545454545,1.5175928387840114,1,2,1
794,-576457171714,0.11868550230341146,1.559146048268063,4.823480519480519,1.5092617211734467,1,2,1
795,-576457171407,0.05157037151830668,1.541902268695434,4.881974025974026,1.4926881148630682,1,2,1
796,-576457171406,0.01672148649134808,1.5611342829052637,4.921038961038961,1.513427279978729,1,2,1
797,-576457171304,0.24036676449990857,1.5694542086297638,4.711376623376624,1.5259239563945757,1,2,1
798,-576457171104,0.17640275621129042,1.5781807953798723,4.774753246753247,1.5300895151998584,1,2,1
799,-576457170998,0.25248532563310366,1.559912662969314,4.696831168831169,1.5175928387840114,1,2,1
800,-576457170933,0.25836995112848804,1.5468300553091903,4.687064935064935,1.5051847912789154,1,2,1
801,-576457170811,0.38296850376362723,1.5791211699283394,4.579844155844156,1.555082868031552,1,2,1
802,-576457170588,0.30293987669699174,1.5414411360638975,4.643116883116883,1.5051847912789154,1,2,1
803,-576457170550,0.45638575503065315,1.5380064240908937,4.496935064935064,1.5300895151998584,1,2,1
804,-576457170418,0.465330592887625,1.5487013433182155,4.492051948051948,1.5425861916157053,1,2,1
805,-576457170281,0.20995518763875864,1.6011906985140685,4.750441558441558,1.555082868031552,1,2,1
806,-576457170076,0.5233906600322209,1.6498015267276638,4.472519480519481,1.6548790215368252,1,2,1
807,-576457169974,0.5955036596747965,1.620221679627704,4.394597402597403,1.6465479039262607,1,2,1
808,-576457169871,0.728360550808429,1.598843731731853,4.262961038961039,1.671452627847204,1,2,1
809,-576457169762,0.8797116227804289,1.5706024710429005,4.111792207792208,1.7088540281839937,1,2,1
810,-576457169564,0.7511772841310003,1.719582761247104,4.287272727272727,1.7920765753788885,1,2,1
811,-576457169462,0.8257271800188879,1.6062920307960555,4.175168831168832,1.7171851457945582,1,2,1
812,-576457169359,1.0973671354086152,1.677195288347161,3.953065653825285,1.908534964105291,1,2,1
813,-576457169154,1.1698838839939913,1.6001862714425876,3.855489238560318,1.8835416112735976,1,2,1
815,-576457168950,1.3087779245642208,1.717841851494406,3.7791644058600102,2.059815650127476,1,2,1
816,-576457168847,1.334525864651233,1.6931132964400808,3.7451618737565564,2.0552069033143754,1,2,1
817,-576457168719,1.3841124397270472,1.7073275671509387,3.7069994574064027,2.096587566189449,1,2,1
818,-576457168540,1.4926961358398176,1.6963512093592965,3.605172725628504,2.156403216316925,1,2,1
819,-576457168458,1.5302720870024995,1.6390971982955622,3.545758726713691,2.1379682290645223,1,2,1
822,-576457168028,1.5812300287308627,1.6736414572257619,3.5160969433894014,2.1977838791919986,1,2,1
823,-576457167936,1.5800530498995187,1.643538258463785,3.5033459938506057,2.1748382035693274,1,2,1
824,-576457167804,1.597290370306002,1.6399033036179176,3.4863447277988784,2.1839576387526964,1,2,1
825,-576457167619,1.582120500102365,1.5908526768207283,3.477844094773015,2.1379682290645223,1,2,1
826,-576457167516,1.5487654324257503,1.6096981808790511,3.5160969433894014,2.128750735438321,1,2,1
827,-576457167311,1.549789491107329,1.6213111022213402,3.520347259902333,2.1379682290645223,1,2,1
828,-576457167209,1.5358082326142277,1.6216343126778572,3.533007777174896,2.128750735438321,1,2,1
829,-576457167106,1.577840297311278,1.6203703025034866,3.4948453608247423,2.156403216316925,1,2,1
830,-576457167004,1.5390013306745023,1.618711211136774,3.5288478929281966,2.128750735438321,1,2,1
831,-576457166863,1.580003109642703,1.6246629798909407,3.4948453608247423,2.1610119631300257,1,2,1
832,-576457166762,1.5466349426661323,1.6053862962293526,3.5160969433894014,2.1241419886252206,1,2,1
833,-576457166594,1.5455146590573183,1.6127114461984327,3.520347259902333,2.128750735438321,1,2,1
835,-576457166287,1.5465299440661897,1.6430381539395438,3.533007777174896,2.151794469503824,1,2,1
836,-576457166182,1.5821705394843861,1.6289501420941506,3.4948453608247423,2.165620709943126,1,2,1
837,-576457166082,1.5651767824160845,1.5560819838389803,3.477844094773015,2.1011963130025495,1,2,1
838,-576457165978,1.578948882208961,1.650709779007802,3.5075963103635375,2.1793488919395956,1,2,1
839,-576457165775,1.5670954983080252,1.5988232563324911,3.4948453608247423,2.133359482251422,1,2,1
840,-576457165720,1.5584314529192675,1.6195903270269898,3.5118466268764696,2.1425769758776227,1,2,1
841,-576457165586,1.5712061444551173,1.7805858857744556,3.575510942304214,2.2714257697587765,1,2,1
842,-576457165366,1.6308830354911654,1.555590800772985,3.4185205281244344,2.1471857226907236,1,2,1
843,-576457165263,1.73990087442998,1.6016058638801616,3.3421052631578947,2.2575995293194744,1,2,1
844,-576457165161,1.6670756033486227,1.571165678437363,3.393018629046844,2.1839576387526964,1,2,1
845,-576457165059,1.2181933778713034,1.839829602195142,3.9149032374751314,2.1104138066287508,1,2,1
846,-576457164931,1.647451549547001,1.8120261159555358,3.524597576415265,2.345067660325554,1,2,1
847,-576457164751,1.6452673407480911,1.6768581430196892,3.4609332609875203,2.2437732888801727,1,2,1
848,-576457164649,1.6387042779622183,1.7271172486166098,3.4905950443118106,2.276034516571877,1,2,1
849,-576457164546,1.6136739197094516,1.954086287218266,3.626424308193163,2.432437732888802,1,2,1
850,-576457164419,1.510469889286683,1.8887462590979622,3.681587990595044,2.31741517944695,1,2,1
851,-576457164290,1.563849146173169,1.810854327804515,3.59667209260264,2.2898607570111786,1,2,1
852,-576457164158,1.5832935757391957,1.8365148424502304,3.5924217760897093,2.322023926260051,1,2,1
853,-576457164013,1.5832935757391957,1.8365148424502304,-1.0,-1.0,1,2,0,1
854,-576457163881,1.6357417600179884,1.9894006037321446,3.626424308193163,2.473818395763875,1,2,1
855,-576457163751,1.681530086758399,2.1054181838395114,3.6518357750045216,2.5934496960188267,1,2,1
856,-576457163618,1.6810218630522331,2.1865075620216317,3.698498824380539,2.6578740929594034,1,2,1
857,-576457163487,1.6873724373382317,2.1587644576657326,3.6773376740821124,2.639439105707001,1,2,1
858,-576457163356,1.6453586769880757,2.172665653775206,3.719750406945198,2.6256128652676995,1,2,1
859,-576457163226,1.669318494951864,2.2575011636464892,3.749412190269488,2.7084722494606783,1,2,1
860,-576457163096,1.686216037085753,2.3018831487031064,3.7621631398082833,2.7544616591488524,1,2,1
861,-576457162964,1.7606010021293867,2.3845054607221026,3.7536625067824203,2.864875465777603,1,2,1
862,-576457162834,1.701022607908027,2.39803993601843,3.8088261891843014,2.841929790154932,1,2,1
863,-576457162701,1.7664764233410173,2.492626351440401,3.817326822210165,2.9569523435967837,1,2,1
864,-576457162573,1.7471541423247947,2.55537104020958,3.8724905046120455,2.998333006471857,1,2,1
865,-576457162407,1.7704864429021372,2.6213012459854412,3.897901971423404,3.0662868511484898,1,2,1
866,-576457162294,1.7438389980503985,2.6936364088260207,3.9658166033640807,3.1130403327907397,1,2,1
867,-576457162087,1.8164135708842553,2.722976305670197,3.9319045035268583,3.1766142159522515,1,2,1
868,-576457161986,1.7681821506480135,2.758332971802824,3.9913185024416715,3.1808645324651836,1,2,1
869,-576457161919,1.7266065577244163,2.7687621794210995,4.028987012987013,3.1682040151926203,1,2,1
870,-576457161788,1.7722023279033783,2.860131751481964,4.058181818181819,3.270030746970519,1,2,1
871,-576457161656,1.7733087483458183,2.9381332167252254,4.111792207792208,3.3378549466449625,1,2,1
872,-576457161526,1.7779973551925399,2.984371220737685,4.1410909090909085,3.380267679508049,1,2,1
873,-576457161395,1.791801453564641,3.0254273804978276,4.160623376623376,3.422770844637367,1,2,1
874,-576457161263,1.8039806749845435,3.057508410279301,4.175168831168832,3.456682944474588,1,2,1
875,-576457161133,1.7085117830272458,3.114432880790868,4.282493506493506,3.4609332609875203,1,2,1
876,-576457160963,1.778922116566878,3.1682530920413283,4.2727272727272725,3.54150841020076,1,2,1
877,-576457160860,1.6942565947564256,3.1886606602781242,4.345766233766233,3.520347259902333,1,2,1
878,-576457160742,1.7228832611372114,3.2692421937990788,4.384831168831169,3.605172725628504,1,2,1
879,-576457160612,1.7069777944929623,3.3009345780960895,4.418909090909091,3.626424308193163,1,2,1
880,-576457160481,1.6281649101324742,3.3807518474270823,4.531012987012987,3.664586724543317,1,2,1
881,-576457160246,1.661344565321742,3.463529751322572,4.570077922077922,3.7536625067824203,1,2,1
882,-576457160143,1.6441214605354313,3.5457317892431233,4.643116883116883,3.821577138723096,1,2,1
884,-576457159938,1.7001512187040149,3.7018801728048447,4.726025974025974,3.987068185928739,1,2,1
885,-576457159733,1.7104972493345172,3.785572240398238,4.784519480519481,4.067948051948052,1,2,1
886,-576457159694,1.7373137219415242,3.8749170785844353,4.838129870129871,4.160623376623376,1,2,1
887,-576457159529,1.700163603217788,3.8271610919245647,4.823480519480519,4.10212987012987,1,2,1
888,-576457159424,1.6409066568891304,3.935671237143931,4.945350649350649,4.180051948051948,1,2,1
889,-576457159222,1.7129066557158255,4.064440146335339,5.003844155844156,4.326337662337663,1,2,1
890,-576457159119,1.8023700302859194,4.20697810722905,5.067220779220779,4.492051948051948,1,2,1
891,-576457159017,1.7471900140063226,4.281482126822492,5.159896103896103,4.540779220779221,1,2,1
892,-576457158912,2.0123488820609072,4.488828215987939,5.18909090909091,4.833246753246753,1,2,1
893,-576457158751,1.5257873051398056,4.253200450633218,5.267116883116883,4.438441558441558,1,2,1
894,-576457158596,1.4943956963194913,4.315014040011913,5.335376623376623,4.487168831168831,1,2,1
895,-576457158505,1.6079679464973191,4.4517444237157395,5.37922077922078,4.652883116883117,1,2,1
896,-576457158300,1.5890757429583404,4.545595763313075,5.467012987012987,4.735792207792208,1,2,1
897,-576457158198,1.6411085649753985,4.610463778889463,5.491324675324674,4.813818181818181,1,2,1
898,-576457158094,1.5716903896103895,4.628207493756747,5.544935064935065,4.808935064935065,1,2,1
899,-576457157993,1.5716903896103895,4.628207493756747,-1.0,-1.0,1,2,0,1
901,-576457157785,1.781203262372863,4.856070791206783,5.622961038961039,5.091636363636365,1,2,1
902,-576457157583,1.7580689580323678,4.910449310133104,5.681454545454546,5.135480519480519,1,2,1
903,-576457157379,1.8558277647818024,4.97957181246488,5.691220779220779,5.232935064935065,1,2,1
904,-576457157378,1.6542971716031016,4.857669730641811,5.691220779220779,5.0526753246753255,1,2,1
905,-576457157174,1.7328313201874361,4.9292854017377605,5.7106493506493505,5.145246753246754,1,2,1
906,-576457157071,1.7885605989718907,4.951507271889707,5.700987012987014,5.184207792207792,1,2,1
907,-576457156966,1.5913306040317678,4.852013020077642,5.720415584415584,5.028259740259741,1,2,1
908,-576457156866,1.5289702511604708,4.840371122402607,5.74483116883117,4.998961038961039,1,2,1
909,-576457156746,1.6347773065331057,4.874077240972965,5.7155324675324675,5.062337662337662,1,2,1
910,-576457156559,1.7004397075538797,4.857839345054251,5.666805194805195,5.067220779220779,1,2,1
911,-576457156484,1.6041896071630242,4.84288288256551,5.705766233766233,5.023376623376623,1,2,1
913,-576457156150,1.6362782198039136,4.8634579221116105,5.705766233766233,5.0526753246753255,1,2,1
914,-576457156047,1.6368427446522977,4.858151469250664,5.700987012987014,5.047792207792208,1,2,1
915,-576457155945,1.614865076741442,4.8497615377930305,5.705766233766233,5.033142857142858,1,2,1
916,-576457155828,1.5334928831755494,4.849213169515085,5.749714285714285,5.008727272727273,1,2,1
917,-576457155637,1.592065360094451,4.846671102076203,5.7155324675324675,5.023376623376623,1,2,1
918,-576457155535,1.5669991713537748,4.859501995712685,5.739948051948051,5.028259740259741,1,2,1
919,-576457155433,1.6047852339642277,4.837577516276965,5.700987012987014,5.018493506493506,1,2,1
920,-576457155228,1.5715891909332886,4.868312045528877,5.74483116883117,5.038025974025974,1,2,1
921,-576457155126,1.5891263358437162,4.868032259654373,5.735064935064935,5.042909090909091,1,2,1
922,-576457155023,1.5814106251512463,4.839750692729031,5.7155324675324675,5.013610389610389,1,2,1
923,-576457154914,1.6261361731210617,4.851313788542857,5.700987012987014,5.038025974025974,1,2,1
924,-576457154748,1.5383249061723148,4.817280677649931,5.720415584415584,4.979532467532468,1,2,1
925,-576457154614,1.404639216232665,4.850526291708422,5.822753246753248,4.97464935064935,1,2,1
926,-576457154511,1.4768151942918726,4.875935867319884,5.803324675324676,5.018493506493506,1,2,1
927,-576457154306,1.500979070889584,4.833477433948477,5.754597402597403,4.984415584415584,1,2,1
928,-576457154260,1.3230119110928609,4.877005848404886,5.891012987012987,4.979532467532468,1,2,1
929,-576457154101,1.3826363492633855,4.841288344020666,5.827636363636364,4.96,1,2,1
930,-576457153935,1.3150213385936484,4.823723019250515,5.8520519480519475,4.925922077922078,1,2,1
931,-576457153795,1.2993573694515548,4.812577212181987,5.8520519480519475,4.911272727272728,1,2,1
933,-576457153590,1.2100299045956864,4.8141322798246255,5.905662337662338,4.891740259740259,1,2,1
935,-576457153282,1.1567666523425753,4.811224630075109,5.934961038961039,4.877090909090909,1,2,1
936,-576457153176,1.053713328297901,4.7882174987221955,5.9788051948051955,4.833246753246753,1,2,1
937,-576457153078,0.9965183670536137,4.799371431600797,6.02264935064935,4.833246753246753,1,2,1
938,-576457152952,0.9888546583850935,4.805779435225102,6.032415584415585,4.838129870129871,1,2,1
939,-576457152769,0.9249701056707265,4.792601586930208,6.061610389610389,4.813818181818181,1,2,1
940,-576457152668,0.8348783913996791,4.782687501817605,6.110441558441559,4.7894025974025976,1,2,1
941,-576457152559,0.8039477011300384,4.782450136403355,6.12987012987013,4.784519480519481,1,2,1
942,-576457152361,0.8359120162502678,4.802293126807362,6.124987012987012,4.808935064935065,1,2,1
944,-576457152156,0.6693691992930839,4.790684263086608,6.222545454545455,4.774753246753247,1,2,1
945,-576457151951,0.5765259313470272,4.800914817604555,6.290805194805195,4.774753246753247,1,2,1
946,-576457151849,0.5281503472247691,4.810421310006747,6.329766233766233,4.779636363636364,1,2,1
947,-576457151747,0.48771521673132234,4.7942877244554305,6.344415584415584,4.760103896103897,1,2,1
948,-576457151542,0.4592063417102379,4.781944180389466,6.354181818181819,4.745558441558441,1,2,1
949,-576457151439,0.3663347490228581,4.783187967474821,6.417454545454546,4.740675324675325,1,2,1
950,-576457151337,0.3330437903598389,4.838618391768006,6.480831168831169,4.7942857142857145,1,2,1
951,-576457151234,0.3116880758541285,4.878608737132411,6.524779220779221,4.833246753246753,1,2,1
952,-576457151030,0.22380906465640482,4.85734102953711,6.5686233766233775,4.808935064935065,1,2,1
953,-576457150927,0.19776470847052519,4.853057066219325,6.5832727272727265,4.804051948051948,1,2,1
954,-576457150863,0.11953250625151401,4.839362767760059,6.627116883116883,4.7894025974025976,1,2,1
955,-576457150731,0.10080051038741011,4.868597336103272,6.661194805194805,4.818597402597403,1,2,1
956,-576457150599,0.08164394611599413,4.8637831840340615,6.67096103896104,4.813818181818181,1,2,1
957,-576457150416,0.01560418811002684,4.8337750789941865,6.695376623376624,4.784519480519481,1,2,1
958,-576457150313,-0.08585049931434874,4.801691526146908,6.744103896103895,4.755324675324675,1,2,1
959,-576457150105,-0.014669060989828786,4.803941919523569,6.695376623376624,4.755324675324675,1,2,1
960,-576457150006,-0.11026487053319123,4.7908979746949045,6.753870129870129,4.745558441558441,1,2,1
961,-576457149933,-0.005589960034319219,4.833354201792958,6.709922077922078,4.784519480519481,1,2,1
962,-576457149812,-0.06154375178745575,4.812247877861181,6.734337662337662,4.764987012987013,1,2,1
963,-576457149680,-0.014764539808017396,4.838027395536643,6.719688311688312,4.7894025974025976,1,2,1
964,-576457149550,-0.007633865671311746,4.838192998508665,6.714805194805194,4.7894025974025976,1,2,1
965,-576457149420,-0.0737508271062648,4.8069317581591795,6.73922077922078,4.760103896103897,1,2,1
967,-576457149159,-0.03618766417094932,4.837465943496038,6.734337662337662,4.7894025974025976,1,2,1
968,-576457149027,-0.1152999127354839,4.785783829690877,6.753870129870129,4.740675324675325,1,2,1
969,-576457148879,-0.03919942508084873,4.827608950997581,6.729454545454546,4.779636363636364,1,2,1
970,-576457148766,-0.0219003976035248,4.837851034970789,6.724571428571428,4.7894025974025976,1,2,1
972,-576457148488,-0.02600894351272487,4.847514274727822,6.734337662337662,4.799168831168831,1,2,1
973,-576457148367,0.02731021786796095,4.926549182681415,6.753870129870129,4.877090909090909,1,2,1
975,-576457148060,0.017075996392091675,4.916722152289447,6.753870129870129,4.867428571428571,1,2,1
976,-576457147958,-0.07548216679988773,4.928819160352252,6.8270129870129885,4.881974025974026,1,2,1
977,-576457147752,-0.022575925260509777,4.959742859274753,6.812363636363637,4.911272727272728,1,2,1
978,-576457147723,0.023807590986086424,5.024065829753829,6.8270129870129885,4.97464935064935,1,2,1
979,-576457147548,0.049360915764077085,5.087771471405596,6.856207792207792,5.038025974025974,1,2,1
980,-576457147446,-0.018846290964821932,5.11094241882342,6.919584415584415,5.062337662337662,1,2,1
981,-576457147327,0.04016980882471621,5.185131986053312,6.934233766233766,5.135480519480519,1,2,1
982,-576457147138,-0.02717646586050826,5.242416810024409,7.021922077922078,5.1939740259740255,1,2,1
983,-576457147036,0.04853576246452729,5.316865452303657,7.026805194805195,5.267116883116883,1,2,1
984,-576457146918,0.09009632653061139,5.4047960364111445,7.065766233766234,5.354805194805194,1,2,1
985,-576457146803,0.050686126702211176,5.409461441259625,7.095064935064935,5.359688311688313,1,2,1
986,-576457146673,-0.0740677307559725,5.436175029763901,7.197402597402597,5.388987012987013,1,2,1
987,-576457146543,-0.056882412900480794,5.451358519755538,7.197402597402597,5.403636363636363,1,2,1
988,-576457146413,-0.041407656691133,5.510299130340212,7.231584415584415,5.46212987012987,1,2,1
989,-576457146217,-0.027675387740435653,5.53495578556108,7.241246753246753,5.486441558441559,1,2,1
990,-576457146115,-0.060348099466881244,5.5389830731044345,7.265662337662338,5.491324675324674,1,2,1
992,-576457145807,-0.03192936707561245,5.62755679823907,7.31438961038961,5.579116883116883,1,2,1
994,-576457145603,-0.04536464100551996,5.641773195411938,7.333922077922077,5.593662337662338,1,2,1
995,-576457145398,-0.031641400632114625,5.646997565503419,7.32903896103896,5.598545454545455,1,2,1
996,-576457145295,-0.08248267102744933,5.6357992492917495,7.353454545454546,5.5887792207792195,1,2,1
997,-576457145193,-0.05524640184208618,5.626956495275441,7.32903896103896,5.579116883116883,1,2,1
998,-576457145091,-0.0435172732405924,5.63693618818894,7.32903896103896,5.5887792207792195,1,2,1
999,-576457144921,-0.04905937653537862,5.651445622102291,7.343688311688312,5.603428571428571,1,2,1
1000,-576457144835,-0.03758192876575439,5.641970096545509,7.32903896103896,5.593662337662338,1,2,1
1001,-576457144679,-0.05908788137892795,5.636514496948159,7.338805194805195,5.5887792207792195,1,2,1
1002,-576457144574,-0.06280335154399452,5.646177827351237,7.348571428571429,5.598545454545455,1,2,1
1003,-576457144374,-0.01426489399927977,5.642495139182637,7.31438961038961,5.593662337662338,1,2,1
1004,-576457144271,-0.04154378581328366,5.632205778784732,7.324155844155845,5.5840000000000005,1,2,1
1005,-576457144169,-0.15485858015502352,5.5988515588286605,7.372883116883117,5.554701298701299,1,2,1
1006,-576457144049,-0.08077327447256089,5.611530359813006,7.333922077922077,5.564467532467533,1,2,1
1007,-576457143918,-0.08793611357586428,5.650276044296034,7.367999999999999,5.603428571428571,1,2,1
1008,-576457143784,-0.07841542895275122,5.645701845284753,7.358337662337663,5.598545454545455,1,2,1
1009,-576457143554,-0.13114974033307014,5.638884338159634,7.387532467532467,5.593662337662338,1,2,1
1010,-576457143350,-0.06056274259901606,5.660897925176952,7.358337662337663,5.613194805194805,1,2,1
1011,-576457143349,0.002565576715774398,5.618498288459985,7.285194805194806,5.56935064935065,1,2,1
1012,-576457143247,-0.0648919225325768,5.631564892920579,7.338805194805195,5.5840000000000005,1,2,1
1013,-576457143043,-0.013276248945858882,5.68158814370781,7.343688311688312,5.632727272727273,1,2,1
1014,-576457142939,0.07727593919349918,5.668031964629593,7.275428571428572,5.618077922077922,1,2,1
1015,-576457142851,0.13621740157076,5.653311525778796,7.2267012987012995,5.603428571428571,1,2,1
1016,-576457142741,0.23037917619365267,5.666564858430323,7.177974025974026,5.618077922077922,1,2,1
1017,-576457142530,0.18142519524518264,5.633406302390978,7.182753246753248,5.5840000000000005,1,2,1
1018,-576457142428,0.26482370896184815,5.631566907684979,7.129142857142856,5.5840000000000005,1,2,1
1019,-576457142326,0.36260907932271014,5.6278214807805815,7.065766233766234,5.5840000000000005,1,2,1
1020,-576457142121,0.3876275662000328,5.6411520807230255,7.060987012987014,5.598545454545455,1,2,1
1021,-576457142019,0.40452993583491725,5.6110186273382405,7.026805194805195,5.56935064935065,1,2,1
1022,-576457141930,0.502385225751099,5.599899553143512,6.958545454545455,5.564467532467533,1,2,1
1023,-576457141814,0.6295343594858007,5.657781191438338,6.929350649350649,5.632727272727273,1,2,1
1024,-576457141609,0.6175859156540815,5.649088824584794,6.929350649350649,5.622961038961039,1,2,1
1025,-576457141507,0.7271853864937996,5.637873418094081,6.856207792207792,5.622961038961039,1,2,1
1026,-576457141404,0.8989826394948914,5.650331824856322,6.768415584415585,5.657038961038961,1,2,1
1027,-576457141199,0.9048044292240789,5.59533151270538,6.719688311688312,5.603428571428571,1,2,1
1028,-576457141097,1.045777050459423,5.607711460292562,6.651428571428571,5.63761038961039,1,2,1
1029,-576457140994,1.0775877155030171,5.616972960696204,6.641766233766234,5.652155844155844,1,2,1
1030,-576457140909,1.1619249067589656,5.6363003412387975,6.612467532467533,5.686337662337662,1,2,1
1031,-576457140775,1.1437727837379992,5.659483638474644,6.641766233766234,5.705766233766233,1,2,1
1032,-576457140621,1.2974828080107335,5.628691893168652,6.53444155844156,5.705766233766233,1,2,1
1033,-576457140515,1.3432348084213919,5.633683521614931,6.515012987012987,5.720415584415584,1,2,1
1034,-576457140380,1.4592506668035536,5.6567322863604375,6.475948051948051,5.769142857142857,1,2,1
1035,-576457140175,1.5323315758211313,5.653630837218278,6.436987012987013,5.783792207792208,1,2,1
1036,-576457140086,1.530944781655386,5.664064164899283,6.4467532467532465,5.793558441558441,1,2,1
1037,-576457139971,1.584730400756782,5.655131590224335,6.412675324675325,5.798441558441559,1,2,1
1038,-576457139765,1.57243012987013,5.648277550028723,6.412675324675325,5.788675324675324,1,2,1
1039,-576457139730,1.6138122707106572,5.632170251072938,6.378493506493506,5.783792207792208,1,2,1
1040,-576457139561,1.723008008682453,5.647069821837984,6.339532467532467,5.827636363636364,1,2,1
1041,-576457139459,1.884390507380818,5.659142123819319,6.276155844155844,5.88612987012987,1,2,1
1042,-576457139254,1.9415708410392543,5.676607088129929,6.26638961038961,5.920311688311688,1,2,1
1043,-576457139151,1.9153092123460977,5.680004231547688,6.281038961038961,5.915428571428572,1,2,1
1044,-576457139049,2.1050230627644537,5.641210165384469,6.164051948051947,5.939844155844156,1,2,1
1045,-576457138947,2.1548503670242822,5.685392149669677,6.1834805194805185,5.998337662337662,1,2,1
1046,-576457138742,2.284404778282136,5.65206561385318,6.100675324675326,6.012883116883118,1,2,1
1047,-576457138639,2.4,5.663585615658487,6.066493506493506,6.066493506493506,1,2,1
1048,-576457138537,2.3292124904119014,5.6711747883768435,6.100675324675326,6.047064935064935,1,2,1
1050,-576457138230,2.4192188561748815,5.62935345906045,6.027532467532467,6.042181818181818,1,2,1
1051,-576457138127,2.521643352423973,5.638811772405632,5.998337662337662,6.090909090909091,1,2,1
1052,-576457138024,2.5729765740978383,5.6376545082076275,5.9788051948051955,6.110441558441559,1,2,1
1054,-576457137718,2.7407679664434945,5.657419944537953,5.939844155844156,6.19812987012987,1,2,1
1055,-576457137615,2.7785072083421958,5.639491302601249,5.910545454545454,6.19812987012987,1,2,1
1056,-576457137411,2.919626947868621,5.629781371174887,5.856935064935064,6.25174025974026,1,2,1
1057,-576457137308,3.029503886424134,5.6279833369331085,5.822753246753248,6.3004675324675325,1,2,1
1058,-576457137206,3.035038827868914,5.619553861185942,5.813090909090908,6.295584415584416,1,2,1
1059,-576457137103,3.2187934394684934,5.63080666873213,5.774025974025974,6.393142857142857,1,2,1
1060,-576457136916,3.1457980103690764,5.62105990618887,5.783792207792208,6.349298701298701,1,2,1
1061,-576457136848,3.201023581364991,5.646283508912789,5.793558441558441,6.398025974025972,1,2,1
1062,-576457136722,3.348439538598047,5.618506800624062,5.730181818181818,6.4467532467532465,1,2,1
1063,-576457136589,3.4412773013998996,5.620200460854235,5.7106493506493505,6.4954805194805205,1,2,1
1064,-576457136387,3.5464923777746806,5.613123755367501,5.681454545454546,6.544207792207792,1,2,1
1065,-576457136329,3.694251561741477,5.611954311711451,5.652155844155844,6.622233766233767,1,2,1
1066,-576457136182,3.7798223535019466,5.567456972797105,5.593662337662338,6.632000000000001,1,2,1
1067,-576457136071,3.878741547735154,5.583045535902054,5.593662337662338,6.70025974025974,1,2,1
1068,-576457135927,3.7808578415599077,5.70103733058548,5.7252987012987,6.744103896103895,1,2,1
1070,-576457135670,4.010199938694845,5.640330258969413,5.632727272727273,6.82212987012987,1,2,1
1071,-576457135464,4.178510566339362,5.60959573805329,5.5840000000000005,6.895168831168831,1,2,1
1072,-576457135363,4.180587285780285,5.668535699194968,5.642493506493506,6.944,1,2,1
1073,-576457135260,4.398096856864197,5.572038986986362,5.530285714285713,6.997610389610389,1,2,1
1074,-576457135055,4.540610135883315,5.558551653583404,5.510857142857143,7.075532467532468,1,2,1
1075,-576457134949,4.594193900870443,5.584157484109927,5.535168831168831,7.129142857142856,1,2,1
1076,-576457134851,4.6864114620106045,5.546190994385199,5.496207792207793,7.1584415584415595,1,2,1
1077,-576457134748,4.738756941488778,5.585033142541186,5.535168831168831,7.221818181818183,1,2,1
1078,-576457134543,4.848679132048076,5.549081351078203,5.501090909090909,7.265662337662338,1,2,1
1079,-576457134441,4.90090294338073,5.503547481517255,5.4572467532467535,7.265662337662338,1,2,1
1080,-576457134338,4.9083592130060785,5.5618034300286,5.51574025974026,7.31438961038961,1,2,1
1081,-576457134132,4.816984482169438,5.608353488663766,5.559584415584416,7.290077922077922,1,2,1
1082,-576457134030,4.970574588866809,5.519987386070203,5.476675324675325,7.324155844155845,1,2,1
1083,-576457133929,4.89468296112696,5.586630214468095,5.540051948051948,7.324155844155845,1,2,1
1084,-576457133827,4.9142118395212915,5.556692268212243,5.510857142857143,7.31438961038961,1,2,1
1085,-576457133715,4.808324365865641,5.6474973906533785,5.598545454545455,7.31438961038961,1,2,1
1086,-576457133519,4.927738156005484,5.57081129383007,5.5255064935064935,7.333922077922077,1,2,1
1087,-576457133417,4.921979000784648,5.556384637145341,5.510857142857143,7.319272727272728,1,2,1
1088,-576457133315,5.035081044534233,5.560444914897012,5.5206233766233765,7.3972987012987,1,2,1
1089,-576457133110,5.030937303013193,5.511775395119234,5.471792207792207,7.358337662337663,1,2,1
1090,-576457133008,4.947246855910888,5.560195967945399,5.51574025974026,7.338805194805195,1,2,1
1091,-576457132914,5.0095699986067,5.557046125545181,5.51574025974026,7.377766233766233,1,2,1
1092,-576457132737,4.906449861916739,5.556988732827964,5.510857142857143,7.309506493506493,1,2,1
1093,-576457132598,4.950884313066943,5.608808863537425,5.564467532467533,7.377766233766233,1,2,1
1094,-576457132496,4.994021049667442,5.538337791852658,5.496207792207793,7.353454545454546,1,2,1
1095,-576457132393,5.071347445643007,5.475019606201958,5.437714285714286,7.358337662337663,1,2,1
1096,-576457132179,5.009514068359646,5.517922242808051,5.476675324675325,7.348571428571429,1,2,1
1097,-576457132086,4.98161470737055,5.451182845243374,5.40851948051948,7.280311688311688,1,2,1
1098,-576457131983,4.925912497891719,5.468357392533938,5.423064935064936,7.255896103896105,1,2,1
1099,-576457131881,4.655040686383071,5.628935727860551,5.579116883116883,7.202285714285715,1,2,1
1100,-576457131753,4.484642351302001,5.776133490634737,5.730181818181818,7.212051948051948,1,2,1
1101,-576457131574,5.083553543599257,5.195620903466814,5.159896103896103,7.163324675324675,1,2,1
1102,-576457131472,4.615818521489803,5.5602141453536476,5.510857142857143,7.12425974025974,1,2,1
1103,-576457131267,4.802042535217467,5.35021260739895,5.301194805194805,7.0852987012987025,1,2,1
1104,-576457131164,4.787843782733359,5.2189159555248645,5.169662337662338,6.978077922077922,1,2,1
1105,-576457131082,4.942883962248929,5.121173878987098,5.076987012987013,7.012155844155843,1,2,1
1106,-576457130959,4.994299823271026,5.064748280253892,5.023376623376623,7.007272727272728,1,2,1
1107,-576457130842,4.999623967675464,4.991157740687434,4.950233766233766,6.958545454545455,1,2,1
1108,-576457130712,5.004673709035176,4.951813310671434,4.911272727272728,6.934233766233766,1,2,1
1109,-576457130550,5.064543889944048,4.88417049621499,4.847896103896104,6.929350649350649,1,2,1
1110,-576457130452,5.077734261221555,4.863565438721913,4.828363636363637,6.924467532467532,1,2,1
1111,-576457130243,5.1515166830684835,4.77893515340182,4.750441558441558,6.919584415584415,1,2,1
1112,-576457130140,5.0940628897020535,4.75466835350917,4.7211428571428575,6.861090909090909,1,2,1
1113,-576457130038,5.052674001187971,4.826400139110292,4.7894025974025976,6.880623376623377,1,2,1
1114,-576457129924,5.04428418488344,4.7292996187697005,4.691948051948052,6.80748051948052,1,2,1
1115,-576457129730,5.022800299779273,4.84319466390049,4.804051948051948,6.870857142857144,1,2,1
1116,-576457129628,4.971871127765516,4.846352907102356,4.804051948051948,6.836675324675325,1,2,1
1117,-576457129526,5.085772730352652,4.784751778148979,4.750441558441558,6.87574025974026,1,2,1
1118,-576457129321,5.187453242500018,4.696919057813021,4.672415584415585,6.890285714285715,1,2,1
1119,-576457129219,5.013817984703041,4.775383170480709,4.735792207792208,6.817246753246752,1,2,1
1120,-576457129116,4.906498746470921,4.81539812854427,4.769870129870131,6.768415584415585,1,2,1
1121,-576457128912,5.009636232812922,4.814702925756242,4.774753246753247,6.8415584415584405,1,2,1
1122,-576457128877,5.039354424457532,4.797991962535804,4.760103896103897,6.851324675324677,1,2,1
1123,-576457128735,5.059418181818184,4.777030897356608,4.740675324675325,6.851324675324677,1,2,1
1125,-576457128485,5.074983937169548,4.746430211784749,4.711376623376624,6.8415584415584405,1,2,1
1126,-576457128297,5.114355663173644,4.718713644025643,4.687064935064935,6.851324675324677,1,2,1
1127,-576457128194,5.096795174199036,4.744637715205729,4.711376623376624,6.856207792207792,1,2,1
1129,-576457127920,5.069521544655231,4.6881866205890805,4.652883116883117,6.797714285714285,1,2,1
1130,-576457127784,4.927984319960106,4.897420893163591,4.852779220779221,6.8415584415584405,1,2,1
1131,-576457127682,4.9145603613777515,4.88336988979411,4.838129870129871,6.82212987012987,1,2,1
1132,-576457127478,4.8638980152089575,4.8512553108736345,4.804051948051948,6.763636363636364,1,2,1
1133,-576457127375,4.746360018479543,4.897674430369432,4.847896103896104,6.714805194805194,1,2,1
1134,-576457127272,4.675380725248776,4.84422250229532,4.7942857142857145,6.627116883116883,1,2,1
1135,-576457127171,4.6268832958120365,4.863262867865414,4.813818181818181,6.607584415584415,1,2,1
1136,-576457126966,4.573055075201479,4.866924943819068,4.818597402597403,6.573506493506494,1,2,1
1137,-576457126912,4.48102063402436,4.858834944649296,4.813818181818181,6.505246753246753,1,2,1
1138,-576457126761,4.448435746478253,4.862026221319714,4.818597402597403,6.485714285714286,1,2,1
1139,-576457126556,4.3102676289718165,4.8675079508749155,4.833246753246753,6.398025974025972,1,2,1
1140,-576457126472,4.325764943131403,4.795370082924413,4.760103896103897,6.354181818181819,1,2,1
1141,-576457126351,4.1976702046682846,4.842342402733807,4.818597402597403,6.3053506493506495,1,2,1
1142,-576457126249,4.1740530139989875,4.849632816463686,4.828363636363637,6.295584415584416,1,2,1
1143,-576457126044,4.026469016110934,4.801671020157418,4.799168831168831,6.164051948051947,1,2,1
1144,-576457125942,4.026469016110934,4.801671020157418,-1.0,-1.0,1,2,0,1
1145,-576457125862,3.8634565324455328,4.7707383466038475,4.7942857142857145,6.037298701298702,1,2,1
1146,-576457125731,3.7686659194673187,4.83247195689604,4.872311688311688,6.027532467532467,1,2,1
1148,-576457125430,3.6360222317716167,4.749662991857415,4.818597402597403,5.88135064935065,1,2,1
1149,-576457125328,3.5081676663708947,4.759184544616969,4.857662337662338,5.813090909090908,1,2,1
1150,-576457125123,3.442217274267234,4.782325338281675,4.896623376623377,5.793558441558441,1,2,1
1151,-576457125020,3.3629104331693163,4.796054293767658,4.9308051948051945,5.75948051948052,1,2,1
1152,-576457124918,3.1898848067347685,4.84101918211107,5.023376623376623,5.700987012987014,1,2,1
1153,-576457124734,3.1692991483276742,4.77303072899178,4.964883116883117,5.632727272727273,1,2,1
1154,-576457124611,3.1652984959704327,4.699904492140016,4.896623376623377,5.56935064935065,1,2,1
1155,-576457124508,3.1652984959704327,4.699904492140016,-1.0,-1.0,1,2,0,1
1156,-576457124383,3.1652984959704327,4.699904492140016,-1.0,-1.0,1,2,0,1
1157,-576457124304,2.662901676798638,4.923118608218289,5.281766233766234,5.505974025974026,1,2,1
1158,-576457124201,2.662901676798638,4.923118608218289,5.281766233766234,5.505974025974026,1,2,1
1159,-576457124083,2.7683788599881187,4.86617111762748,5.18909090909091,5.505974025974026,1,2,1
1160,-576457123921,2.5597902319476127,4.915973822160946,5.315844155844156,5.4523636363636365,1,2,1
1161,-576457123791,2.502635430566047,4.917233612888882,5.34025974025974,5.427948051948053,1,2,1
1162,-576457123586,2.525042071468904,4.895189899940129,5.310961038961039,5.418181818181818,1,2,1
1163,-576457123484,2.5252697112937903,4.905994942555809,5.320727272727272,5.427948051948053,1,2,1
1164,-576457123381,2.68375041703638,5.000281788187854,5.345142857142857,5.5840000000000005,1,2,1
1165,-576457123279,2.343328338380988,4.8800728760695655,5.374337662337662,5.32561038961039,1,2,1
1166,-576457123075,2.3603118244149983,4.888322493369863,5.374337662337662,5.34025974025974,1,2,1
1168,-576457122909,2.292362660174381,4.871251234484686,5.388987012987013,5.296311688311688,1,2,1
1169,-576457122768,2.4682164418077672,4.896172289823851,5.335376623376623,5.393870129870129,1,2,1
1170,-576457122562,2.428236701254703,4.872162641102363,5.3304935064935055,5.354805194805194,1,2,1
1171,-576457122460,2.571376481406793,4.921053377383,5.315844155844156,5.46212987012987,1,2,1
1172,-576457122358,2.51509871567168,4.9708516683376684,5.3841038961038965,5.481558441558442,1,2,1
1173,-576457122253,2.4396881755850015,4.888322493369863,5.34025974025974,5.374337662337662,1,2,1
1174,-576457122127,2.5876502884128856,4.89630168816171,5.286649350649351,5.44748051948052,1,2,1
1175,-576457121948,2.496382403367384,4.876855332716515,5.306077922077923,5.388987012987013,1,2,1
1176,-576457121846,2.5129306134182023,4.857679486657765,5.281766233766234,5.37922077922078,1,2,1
1177,-576457121641,2.456723387916433,4.8854804378105285,5.3304935064935055,5.37922077922078,1,2,1
1178,-576457121606,2.4170920119970356,4.899184458933334,5.359688311688313,5.374337662337662,1,2,1
1179,-576457121436,2.4112274072172877,4.874924259712864,5.34025974025974,5.349922077922077,1,2,1
1180,-576457121334,2.5133605954519775,4.873849667456986,5.296311688311688,5.393870129870129,1,2,1
1181,-576457121129,2.4571548013815647,4.917843897813748,5.359688311688313,5.40851948051948,1,2,1
1182,-576457121027,2.5302038328921217,4.8708553131083665,5.286649350649351,5.398753246753247,1,2,1
1183,-576457120924,2.5191977812813953,4.881849340103268,5.301194805194805,5.403636363636363,1,2,1
1185,-576457120617,2.45059778978785,4.834229410617127,5.286649350649351,5.3304935064935055,1,2,1
1186,-576457120515,2.444688873994441,4.782809803100039,5.2427012987012995,5.281766233766234,1,2,1
1187,-576457120310,2.4499006404775345,4.752946186180632,5.213506493506493,5.2573506493506486,1,2,1
1188,-576457120232,2.4769296137628594,4.695621135762082,5.150129870129871,5.21838961038961,1,2,1
1189,-576457120105,2.4875221448004283,4.668208916877223,5.1208311688311685,5.198857142857142,1,2,1
1190,-576457120003,2.4216200482521444,4.592509087755321,5.081870129870129,5.101402597402598,1,2,1
1191,-576457119907,2.4213094698864097,4.5103719979988925,5.008727272727273,5.028259740259741,1,2,1
1192,-576457119777,2.4105720169835814,4.466520765545813,4.97464935064935,4.984415584415584,1,2,1
1193,-576457119647,2.4521354755916014,4.3891793941481705,4.886857142857143,4.9356883116883115,1,2,1
1194,-576457119515,2.41529140745195,4.264888154784322,4.7942857142857145,4.808935064935065,1,2,1
1195,-576457119383,2.455505370067538,4.2201284982107845,4.735792207792208,4.7894025974025976,1,2,1
1196,-576457119252,2.4998141450644233,4.160897854587512,4.66264935064935,4.760103896103897,1,2,1
1197,-576457119115,2.47394573525853,4.091405615817732,4.613922077922078,4.687064935064935,1,2,1
1198,-576457118979,2.4242438067860994,3.996246725489465,4.555428571428571,4.579844155844156,1,2,1
1199,-576457118839,2.552783301531896,3.9233222924522844,4.428675324675324,4.584623376623377,1,2,1
1200,-576457118728,2.4787121588067507,3.768246060297903,4.331220779220779,4.414025974025974,1,2,1
1201,-576457118568,2.4689847414697113,3.7281930999770028,4.301922077922078,4.375064935064936,1,2,1
1202,-576457118467,2.4763512673887385,3.606811113804427,4.194701298701299,4.27761038961039,1,2,1
1203,-576457118262,2.5242011219723253,3.5446981230378394,4.116675324675325,4.253194805194806,1,2,1
1204,-576457118158,2.5479526337017018,3.4503094417783675,4.024103896103896,4.189818181818182,1,2,1
1205,-576457118057,2.569075146648054,3.3745002387667613,3.9488153373123525,4.1410909090909085,1,2,1
1206,-576457117917,2.4868494333864946,3.227758215756632,3.8724905046120455,3.974317236389944,1,2,1
1207,-576457117749,2.464042168653853,3.149184473962923,3.821577138723096,3.897901971423404,1,2,1
1208,-576457117648,2.4625641916588434,3.037548724239925,3.7325013564839935,3.8088261891843014,1,2,1
1209,-576457117545,2.532317959866563,3.0414255148281697,3.694248507867607,3.855489238560318,1,2,1
1210,-576457117426,2.5541070891391464,2.9628191386444143,3.617923675167299,3.8088261891843014,1,2,1
1211,-576457117238,2.4634099945461596,2.8450591796296734,3.5797612588171455,3.660336408030385,1,2,1
1212,-576457117136,2.5245152079363335,2.7580893474845944,3.4736842105263155,3.6348345089527943,1,2,1
1213,-576457116931,2.568997916258309,2.7175965206504205,3.414270211611503,3.6348345089527943,1,2,1
1214,-576457116901,2.5900645348039477,2.6746809962065208,3.3676071622354855,3.617923675167299,1,2,1
1215,-576457116729,2.547911404740378,2.5680938197862337,3.3124434798336044,3.5118466268764696,1,2,1
1216,-576457116638,2.5887100961980654,2.5636660236479027,3.282691264243082,3.5372580936878273,1,2,1
1217,-576457116509,2.549806815033953,2.434267009003262,3.2106167480557057,3.4185205281244344,1,2,1
1218,-576457116316,2.438476025382692,2.2868300083211697,3.1808645324651836,3.2360282148670643,1,2,1
1219,-576457116214,2.501651984385526,2.1997869836519035,3.074787484174353,3.223277265328269,1,2,1
1220,-576457116112,2.462468388227867,2.0966433296279234,3.0323747513112678,3.1257008500633026,1,2,1
1221,-576457115917,2.5201878061246723,2.061467274481116,2.9660717787801527,3.1469524326279616,1,2,1
1222,-576457115852,2.477497207369025,1.9863940927607195,2.9477348499705824,3.0662868511484898,1,2,1
1223,-576457115720,2.4788868840672924,1.902936709231827,2.892527946656207,3.0153734852595404,1,2,1
1224,-576457115590,2.43847976776237,1.9118066292987037,2.9292998627181794,2.9891155128456557,1,2,1
1227,-576457115190,2.442347110280475,1.6915041025159427,2.791331633653657,2.860266718964503,1,2,1
1228,-576457114985,2.48786980715737,1.7066238165007377,2.763679152775054,2.9062561286526774,1,2,1
1229,-576457114905,2.4760722262668557,1.6751782329761216,2.7544616591488524,2.8787017062169054,1,2,1
1230,-576457114805,2.498266763824378,1.658848605170105,2.726907236713081,2.8879191998431066,1,2,1
1231,-576457114575,2.4422089779523284,1.6755887514687233,2.7821141400274563,2.851049225338302,1,2,1
1232,-576457114543,2.442347110280475,1.6915041025159427,2.791331633653657,2.860266718964503,1,2,1
1233,-576457114371,2.4763211788411965,1.691089564835885,2.763679152775054,2.8879191998431066,1,2,1
1234,-576457114269,2.472830783188118,1.6471223428312627,2.7406354187095507,2.860266718964503,1,2,1
1235,-576457114063,2.450362138181449,1.6393987927494806,2.7544616591488524,2.837321043341831,1,2,1
1236,-576457113961,2.4812566419927267,1.6511110052937672,2.736124730339282,2.869484212590704,1,2,1
1237,-576457113859,2.461607678893556,1.6472760739124357,2.7498529123357525,2.851049225338302,1,2,1
1238,-576457113654,2.4734300770726803,1.687164878012862,2.763679152775054,2.8833104530300058,1,2,1
1239,-576457113626,2.4710045578810393,1.7148538696094655,2.7821141400274563,2.897136693469308,1,2,1
1240,-576457113449,2.4448335047290146,1.647543908032146,2.763679152775054,2.837321043341831,1,2,1
1241,-576457113347,2.4701978690144584,1.6592462509304648,2.7498529123357525,2.864875465777603,1,2,1
1242,-576457113141,2.489902242236727,1.6630240051232845,2.736124730339282,2.8833104530300058,1,2,1
1243,-576457113040,2.4959041872131524,1.6788167933628262,2.7406354187095507,2.897136693469308,1,2,1
1244,-576457112937,2.4725328388090357,1.631002724246505,2.7315159835261817,2.851049225338302,1,2,1
1245,-576457112842,2.4723538982672113,1.6147689649102908,2.7222984898999805,2.841929790154932,1,2,1
1246,-576457112710,2.4752035406883035,1.6188179571721673,2.7222984898999805,2.8465385369680325,1,2,1
1247,-576457112580,2.444464595132863,1.6068052337001293,2.7406354187095507,2.8142773092763287,1,2,1
1248,-576457112450,2.4556294726021672,1.6149854554347087,2.736124730339282,2.82810354971563,1,2,1
1249,-576457112319,2.5086188288434443,1.6181089492236673,2.6946460090213766,2.8740929594038045,1,2,1
1250,-576457112118,2.4724737570441238,1.6229430741705333,2.726907236713081,2.8465385369680325,1,2,1
1251,-576457112015,2.489607311049603,1.6469305677683055,2.726907236713081,2.8740929594038045,1,2,1
1252,-576457111913,2.5364585162134263,1.6175046792329981,2.6717003333987055,2.897136693469308,1,2,1
1253,-576457111793,2.6475250982318643,1.6948138211569124,2.6302216120808,3.0323747513112678,1,2,1
1254,-576457111663,2.631126622686542,1.6138875517196718,2.5934496960188267,2.9752892724063535,1,2,1
1255,-576457111504,2.673591364837721,1.6537219582031009,2.5842322023926254,3.0323747513112678,1,2,1
1256,-576457111299,2.6861278776226523,1.713207946535311,2.6118846832712292,3.074787484174353,1,2,1
1257,-576457111196,2.727986098654538,1.7343819337313,2.5934496960188267,3.121450533550371,1,2,1
1258,-576457111094,2.792995565548864,1.6617241024318656,2.4968621298293785,3.138451799602098,1,2,1
1259,-576457110991,2.9097344506016904,1.6210216517551503,2.381839576387527,3.2191173810815696,1,2,1
1260,-576457110835,3.0143367397380745,1.60649596928,2.294371445381447,3.3039428468077405,1,2,1
1261,-576457110727,2.968547311105051,1.611011897427986,2.3312414198862523,3.2657804304575873,1,2,1
1262,-576457110582,3.025649634629356,1.5574874195302177,2.252990782506374,3.2911918972689453,1,2,1
1263,-576457110484,3.017309047791536,1.5272978730798379,2.2391645420670723,3.270030746970519,1,2,1
1264,-576457110275,3.1319770742647384,1.5635606024097526,2.1793488919395956,3.3887683125339123,1,2,1
1266,-576457110070,3.263445344918641,1.688863116847292,2.1793488919395956,3.562759992765418,1,2,1
1267,-576457109967,3.263445344918641,1.688863116847292,-1.0,-1.0,1,2,0,1
1268,-576457109865,3.4040250868282227,1.7214572761506926,2.115022553441851,3.702749140893471,1,2,1
1269,-576457109747,3.412092349998215,1.6575243069941292,2.059815650127476,3.681587990595044,1,2,1
1270,-576457109558,3.421658861936313,1.617849846526925,2.022945675622671,3.6730873575691807,1,2,1
1271,-576457109456,3.6436696611877566,1.7039684400276902,1.9625099707524596,3.910652920962199,1,2,1
1272,-576457109251,3.7684162089650686,1.7394526646113073,1.9292741292209519,4.038753246753247,1,2,1
1273,-576457109148,3.8831957977779235,1.7932366170776188,1.9251085704156696,4.165506493506493,1,2,1
1274,-576457109046,3.7467321591964478,1.6407056082424518,1.8544713285473722,3.9785675529028754,1,2,1
1275,-576457108944,3.8019185925029415,1.6152266310669283,1.804573251794735,4.019220779220779,1,2,1
1276,-576457108832,3.886850975106619,1.5624528052975475,1.7171851457945582,4.077714285714286,1,2,1
1277,-576457108702,3.9423820225635806,1.5678748188262215,1.6964459806788974,4.131324675324675,1,2,1
1278,-576457108570,4.053527204778893,1.550731934479739,1.634051227510414,4.22877922077922,1,2,1
1279,-576457108432,4.211268754659872,1.683219741700585,1.7047770982894621,4.423792207792208,1,2,1
1280,-576457108227,4.079094676623075,1.633210721170416,1.7006115394841799,4.282493506493506,1,2,1
1281,-576457108124,3.889217430338441,1.5163996495408625,1.6756181866524862,4.063064935064935,1,2,1
1282,-576457108022,3.889217430338441,1.5163996495408625,-1.0,-1.0,1,2,0,1
1283,-576457107902,3.951361917499179,1.558385322375389,1.6839493042630505,4.1362077922077924,1,2,1
1284,-576457107715,3.8786192596350557,1.4481319113492255,1.621554551094567,4.028987012987013,1,2,1
1286,-576457107408,4.333434812235643,1.5954404829262574,1.5883187095630595,4.506701298701299,1,2,1
1287,-576457107305,4.81086524901849,1.6177413593769143,1.5716564743419303,4.964883116883117,1,2,1
1288,-576457107200,4.774987653544194,1.5865919742315324,1.538420632810423,4.921038961038961,1,2,1
1289,-576457107101,4.350495003830771,1.5182360847807077,1.5092617211734467,4.496935064935064,1,2,1
1290,-576457106978,4.426661644292721,1.5808719312027633,1.555082868031552,4.5895064935064935,1,2,1
1291,-576457106861,4.493139165428865,1.5828566705830398,1.5467517504209873,4.652883116883117,1,2,1
1292,-576457106724,4.562828520696718,1.5447383455044843,1.501019232473633,4.706493506493507,1,2,1
1294,-576457106469,4.646676835822886,1.5708238756659745,1.5217583975892937,4.7942857142857145,1,2,1
1295,-576457106318,4.688824581895844,1.5675516908358385,1.5175928387840114,4.833246753246753,1,2,1
1296,-576457106209,4.760730475742238,1.5830526544860228,1.5342550740051406,4.906389610389611,1,2,1
1297,-576457106076,4.774209658549289,1.557436190880872,1.5092617211734467,4.911272727272728,1,2,1
1298,-576457105946,4.801678027634702,1.551746594666913,1.5051847912789154,4.9356883116883115,1,2,1
1299,-576457105813,4.811854969535587,1.5676419493489655,1.5217583975892937,4.950233766233766,1,2,1
1300,-576457105683,4.797601204979141,1.5644510652758425,1.5175928387840114,4.9356883116883115,1,2,1
1301,-576457105553,4.78850502021482,1.560837182882586,1.513427279978729,4.925922077922078,1,2,1
1302,-576457105424,4.773928735144433,1.5741320358875799,1.5259239563945757,4.916155844155844,1,2,1
1303,-576457105294,4.789873627691383,1.5565834441029232,1.5092617211734467,4.925922077922078,1,2,1
1304,-576457105164,4.732777200549919,1.5589057618431792,1.5092617211734467,4.872311688311688,1,2,1
1305,-576457105035,4.817112467903961,1.5672452967450514,1.5217583975892937,4.955116883116883,1,2,1
1306,-576457104906,4.802451566621996,1.5808305943530192,1.5342550740051406,4.945350649350649,1,2,1
1307,-576457104775,4.78822455919493,1.5775438951727045,1.5300895151998584,4.9308051948051945,1,2,1
1308,-576457104643,4.843477714627875,1.564979460599614,1.5217583975892937,4.979532467532468,1,2,1
1309,-576457104513,4.699096387831298,1.5675925697675128,1.5175928387840114,4.843012987012987,1,2,1
1310,-576457104336,4.807703881331567,1.5804700278204193,1.5342550740051406,4.950233766233766,1,2,1
1311,-576457104233,4.687448430123559,1.5717066335950474,1.5217583975892937,4.833246753246753,1,2,1
1312,-576457104029,4.674828130058111,1.5632179316765455,1.513427279978729,4.818597402597403,1,2,1
1313,-576457103926,4.674828130058111,1.5632179316765455,-1.0,-1.0,1,2,0,1
1314,-576457103847,4.718619796831062,1.5550696193410196,1.5051847912789154,4.857662337662338,1,2,1
1315,-576457103717,4.696698880135157,1.5592581109959531,1.5092617211734467,4.838129870129871,1,2,1
1316,-576457103588,4.703173210486859,1.5551814464152014,1.5051847912789154,4.843012987012987,1,2,1
1317,-576457103458,4.6819061015558106,1.588314224824016,1.538420632810423,4.833246753246753,1,2,1
1318,-576457103327,4.692901404551405,1.5551680523582772,1.5051847912789154,4.833246753246753,1,2,1
1319,-576457103107,4.698034715689731,1.555183508265664,1.5051847912789154,4.838129870129871,1,2,1
1320,-576457103004,4.678573510595602,1.5674415737946281,1.5175928387840114,4.823480519480519,1,2,1
1321,-576457102902,4.7038616884256585,1.5842502141023225,1.5342550740051406,4.852779220779221,1,2,1
1322,-576457102804,4.702863914514944,1.5717557026760853,1.5217583975892937,4.847896103896104,1,2,1
1323,-576457102594,4.703173210486859,1.5551814464152014,1.5051847912789154,4.843012987012987,1,2,1
1324,-576457102461,4.727607603799973,1.5590091991806605,1.5092617211734467,4.867428571428571,1,2,1
1325,-576457102390,4.69120181734174,1.5758985918732564,1.5259239563945757,4.838129870129871,1,2,1
1326,-576457102185,4.675247235568355,1.546648997269376,1.4968536736683506,4.813818181818181,1,2,1
1327,-576457102083,4.669824277806465,1.5631264182393725,1.513427279978729,4.813818181818181,1,2,1
1328,-576457101980,4.670699674741257,1.5756426225163633,1.5259239563945757,4.818597402597403,1,2,1
1329,-576457101800,4.688824581895844,1.5675516908358385,1.5175928387840114,4.833246753246753,1,2,1
1330,-576457101673,4.687448430123559,1.5717066335950474,1.5217583975892937,4.833246753246753,1,2,1
1331,-576457101571,4.683696454416323,1.5675052615163863,1.5175928387840114,4.828363636363637,1,2,1
1332,-576457101468,4.702106829564067,1.5426866280377298,1.4926881148630682,4.838129870129871,1,2,1
1333,-576457101264,4.657551751120791,1.537917183871432,1.488522556057786,4.7942857142857145,1,2,1
1334,-576457101173,4.685368847981914,1.5467821651012084,1.4968536736683506,4.823480519480519,1,2,1
1335,-576457101058,4.6636800416658675,1.5505797535893722,1.501019232473633,4.804051948051948,1,2,1
1336,-576457100957,4.698034715689731,1.555183508265664,1.5051847912789154,4.838129870129871,1,2,1
1337,-576457100839,4.705612445911653,1.5634168732489746,1.513427279978729,4.847896103896104,1,2,1
1338,-576457100711,4.716184265788276,1.5467661774356514,1.4968536736683506,4.852779220779221,1,2,1
1339,-576457100547,4.685642851507172,1.530121808075136,1.4801914384472215,4.818597402597403,1,2,1
1340,-576457100444,4.7069810533882155,1.5592455757407493,1.5092617211734467,4.847896103896104,1,2,1
1341,-576457100240,4.695619919282157,1.5468472651768257,1.4968536736683506,4.833246753246753,1,2,1
1342,-576457100172,4.697321585947195,1.588418301228565,1.538420632810423,4.847896103896104,1,2,1
1343,-576457100035,4.711283488904781,1.5301484308442146,1.4801914384472215,4.843012987012987,1,2,1
1344,-576457099909,4.698323345421464,1.5385216117753309,1.488522556057786,4.833246753246753,1,2,1
1345,-576457099728,4.732777200549919,1.5589057618431792,1.5092617211734467,4.872311688311688,1,2,1
1346,-576457099625,4.694262547990711,1.5510082670992107,1.501019232473633,4.833246753246753,1,2,1
1347,-576457099523,4.6883161004635925,1.5218139456279822,1.4718603208366567,4.818597402597403,1,2,1
1348,-576457099318,4.692901404551405,1.5551680523582772,1.5051847912789154,4.833246753246753,1,2,1
1349,-576457099216,4.727280137756503,1.5756800827115958,1.5259239563945757,4.872311688311688,1,2,1
1350,-576457099113,4.664716774671543,1.5630159370589047,1.513427279978729,4.808935064935065,1,2,1
1351,-576457099011,4.696698880135157,1.5592581109959531,1.5092617211734467,4.838129870129871,1,2,1
1352,-576457098829,4.717283961276488,1.5591627505613923,1.5092617211734467,4.857662337662338,1,2,1
1353,-576457098754,4.713166822403216,1.5717014343889333,1.5217583975892937,4.857662337662338,1,2,1
1354,-576457098601,4.717283961276488,1.5591627505613923,1.5092617211734467,4.857662337662338,1,2,1
1355,-576457098396,4.698034715689731,1.555183508265664,1.5051847912789154,4.838129870129871,1,2,1
1356,-576457098294,4.725140169702709,1.5508086847173603,1.501019232473633,4.8625454545454545,1,2,1
1357,-576457098192,4.674828130058111,1.5632179316765455,1.513427279978729,4.818597402597403,1,2,1
1358,-576457098089,4.678573510595602,1.5674415737946281,1.5175928387840114,4.823480519480519,1,2,1
1359,-576457097972,4.691845390946219,1.542665840235061,1.4926881148630682,4.828363636363637,1,2,1
1360,-576457097839,4.680251087819999,1.5467233882191271,1.4968536736683506,4.818597402597403,1,2,1
1361,-576457097709,4.692901404551405,1.5551680523582772,1.5051847912789154,4.833246753246753,1,2,1
1362,-576457097575,4.727851140137739,1.5424282636852227,1.4926881148630682,4.8625454545454545,1,2,1
1363,-576457097270,4.700100294526791,1.5800895119127985,1.5300895151998584,4.847896103896104,1,2,1
1365,-576457097182,4.688824581895844,1.5675516908358385,1.5175928387840114,4.833246753246753,1,2,1
1366,-576457097056,4.695883555489807,1.5301857144753996,1.4801914384472215,4.828363636363637,1,2,1
1367,-576457096899,4.673889864276909,1.550792123203029,1.501019232473633,4.813818181818181,1,2,1
1368,-576457096757,4.683696454416323,1.5675052615163863,1.5175928387840114,4.828363636363637,1,2,1
1369,-576457096663,4.681604686963584,1.542574762185048,1.4926881148630682,4.818597402597403,1,2,1
1370,-576457096461,4.700753230420482,1.54685348415213,1.4968536736683506,4.838129870129871,1,2,1
1371,-576457096378,4.661968243274835,1.5712830788889793,1.5217583975892937,4.808935064935065,1,2,1
1372,-576457096246,4.698323345421464,1.5385216117753309,1.488522556057786,4.833246753246753,1,2,1
1373,-576457096138,4.697720236059013,1.571756689917908,1.5217583975892937,4.843012987012987,1,2,1
1374,-576457095957,4.73338490653108,1.5089817321245322,1.4593636444208102,4.857662337662338,1,2,1
1375,-576457095875,4.704802711407653,1.5343492275255186,1.4843569972525037,4.838129870129871,1,2,1
1376,-576457095744,4.683696454416323,1.5675052615163863,1.5175928387840114,4.828363636363637,1,2,1
1377,-576457095529,4.712799825389749,1.5093075108170935,1.4593636444208102,4.838129870129871,1,2,1
1378,-576457095483,4.7010116829693285,1.5301910927140536,1.4801914384472215,4.833246753246753,1,2,1
1379,-576457095351,4.699395859129037,1.5510191108941758,1.501019232473633,4.838129870129871,1,2,1
1380,-576457095220,4.703173210486859,1.5551814464152014,1.5051847912789154,4.843012987012987,1,2,1
1381,-576457095091,4.7175378649318604,1.5425850835202302,1.4926881148630682,4.852779220779221,1,2,1
1382,-576457094959,4.679296716555525,1.534212609213076,1.4843569972525037,4.813818181818181,1,2,1
1383,-576457094829,4.715915353799925,1.5633435939327318,1.513427279978729,4.857662337662338,1,2,1
1384,-576457094695,4.7175378649318604,1.5425850835202302,1.4926881148630682,4.852779220779221,1,2,1
1385,-576457094566,4.713465751057525,1.5551245561234488,1.5051847912789154,4.852779220779221,1,2,1
1386,-576457094435,4.695883555489807,1.5301857144753996,1.4801914384472215,4.828363636363637,1,2,1
1387,-576457094301,4.68430056880717,1.534273971729172,1.4843569972525037,4.818597402597403,1,2,1
1388,-576457094171,4.713738829812849,1.5384591510848318,1.488522556057786,4.847896103896104,1,2,1
1389,-576457094037,4.727607603799973,1.5590091991806605,1.5092617211734467,4.867428571428571,1,2,1
1390,-576457093906,4.715084884660712,1.5342803446610895,1.4843569972525037,4.847896103896104,1,2,1
1391,-576457093774,4.725387792548984,1.5341398705249985,1.4843569972525037,4.857662337662338,1,2,1
1392,-576457093642,4.678573510595602,1.5674415737946281,1.5175928387840114,4.823480519480519,1,2,1
1393,-576457093514,4.714174963631537,1.5841895914509927,1.5342550740051406,4.8625454545454545,1,2,1
1394,-576457093383,4.7354741795438,1.5505999862859616,1.501019232473633,4.872311688311688,1,2,1
1395,-576457093251,4.698034715689731,1.555183508265664,1.5051847912789154,4.838129870129871,1,2,1
1396,-576457093120,4.716184265788276,1.5467661774356514,1.4968536736683506,4.852779220779221,1,2,1
1397,-576457092991,4.678169214440017,1.584099751943254,1.5342550740051406,4.828363636363637,1,2,1
1398,-576457092859,4.7083168889427895,1.555161813645186,1.5051847912789154,4.847896103896104,1,2,1
1399,-576457092729,4.709678032382096,1.5509880319126284,1.501019232473633,4.847896103896104,1,2,1
1400,-576457092597,4.700468767455721,1.5634272073809452,1.513427279978729,4.843012987012987,1,2,1
1401,-576457092466,4.711283488904781,1.5301484308442146,1.4801914384472215,4.843012987012987,1,2,1
1402,-576457092336,4.683696454416323,1.5675052615163863,1.5175928387840114,4.828363636363637,1,2,1
1403,-576457092206,4.722691910705398,1.542515623181881,1.4926881148630682,4.857662337662338,1,2,1
1404,-576457092076,4.703173210486859,1.5551814464152014,1.5051847912789154,4.843012987012987,1,2,1
1406,-576457091864,4.69697351842574,1.542685046707021,1.4926881148630682,4.833246753246753,1,2,1
1407,-576457091731,4.730304582793853,1.5507132865798932,1.501019232473633,4.867428571428571,1,2,1
1408,-576457091604,4.704802711407653,1.5343492275255186,1.4843569972525037,4.838129870129871,1,2,1
1409,-576457091473,4.718326051835557,1.5716480461846805,1.5217583975892937,4.8625454545454545,1,2,1
1410,-576457091331,4.723490464926701,1.5715770827306326,1.5217583975892937,4.867428571428571,1,2,1
1411,-576457091126,4.712389002817126,1.5426367008963224,1.4926881148630682,4.847896103896104,1,2,1
1412,-576457091024,4.713956737861203,1.5217941478079262,1.4718603208366567,4.843012987012987,1,2,1
1413,-576457090921,4.694262547990711,1.5510082670992107,1.501019232473633,4.833246753246753,1,2,1
1414,-576457090822,4.692581741261885,1.5717403162402017,1.5217583975892937,4.838129870129871,1,2,1
1415,-576457090691,4.699096387831298,1.5675925697675128,1.5175928387840114,4.843012987012987,1,2,1
1416,-576457090512,4.680862905442002,1.513404079640165,1.4635292032260923,4.808935064935065,1,2,1
1417,-576457090409,4.728943439354547,1.5549064865351871,1.5051847912789154,4.867428571428571,1,2,1
1418,-576457090205,4.718887691927584,1.5384027193560394,1.488522556057786,4.852779220779221,1,2,1
1419,-576457090102,4.718887691927584,1.5384027193560394,1.488522556057786,4.852779220779221,1,2,1
1420,-576457090000,4.715287704117621,1.5176151404905667,1.4676947620313745,4.843012987012987,1,2,1
1421,-576457089904,4.686068506203413,1.575860358676203,1.5259239563945757,4.833246753246753,1,2,1
1423,-576457089590,4.698034715689731,1.555183508265664,1.5051847912789154,4.838129870129871,1,2,1
1424,-576457089488,4.687448430123559,1.5717066335950474,1.5217583975892937,4.833246753246753,1,2,1
1425,-576457089385,4.700753230420482,1.54685348415213,1.4968536736683506,4.838129870129871,1,2,1
1426,-576457089180,4.7264975409941545,1.5466191234564994,1.4968536736683506,4.8625454545454545,1,2,1
1427,-576457089078,4.678573510595602,1.5674415737946281,1.5175928387840114,4.823480519480519,1,2,1
1428,-576457088976,4.713738829812849,1.5384591510848318,1.488522556057786,4.847896103896104,1,2,1
1429,-576457088824,4.686068506203413,1.575860358676203,1.5259239563945757,4.833246753246753,1,2,1
1430,-576457088734,4.689418328969085,1.5343192795118787,1.4843569972525037,4.823480519480519,1,2,1
1431,-576457088566,4.695926573435606,1.5925808133642367,1.5425861916157053,4.847896103896104,1,2,1
1432,-576457088474,4.690196961520268,1.5633955306595757,1.513427279978729,4.833246753246753,1,2,1
1433,-576457088259,4.695330272658594,1.5634200756664922,1.513427279978729,4.838129870129871,1,2,1
1434,-576457088157,4.692581741261885,1.5717403162402017,1.5217583975892937,4.838129870129871,1,2,1
1435,-576457088054,4.728943439354547,1.5549064865351871,1.5051847912789154,4.867428571428571,1,2,1
1436,-576457087903,4.716427167360713,1.5301002812731839,1.4801914384472215,4.847896103896104,1,2,1
1437,-576457087747,4.677197358823317,1.571587546015313,1.5217583975892937,4.823480519480519,1,2,1
1438,-576457087644,4.675817434903172,1.5757323239166865,1.5259239563945757,4.823480519480519,1,2,1
1439,-576457087542,4.682650333251163,1.5550847966015258,1.5051847912789154,4.823480519480519,1,2,1
1440,-576457087235,4.701837374932284,1.5592606027630858,1.5092617211734467,4.843012987012987,1,2,1
1441,-576457087234,4.702106829564067,1.5426866280377298,1.4926881148630682,4.838129870129871,1,2,1
1442,-576457087117,4.686068506203413,1.575860358676203,1.5259239563945757,4.833246753246753,1,2,1
1443,-576457087030,4.650388864061253,1.5751172597180003,1.5259239563945757,4.799168831168831,1,2,1
1444,-576457086892,4.71212991550295,1.5592129764050289,1.5092617211734467,4.852779220779221,1,2,1
1445,-576457086723,4.709388928401964,1.567563795150628,1.5175928387840114,4.852779220779221,1,2,1
1446,-576457086621,4.7010116829693285,1.5301910927140536,1.4801914384472215,4.833246753246753,1,2,1
1447,-576457086515,4.699395859129037,1.5510191108941758,1.501019232473633,4.838129870129871,1,2,1
1448,-576457086313,4.713738829812849,1.5384591510848318,1.488522556057786,4.847896103896104,1,2,1
1449,-576457086211,4.698034715689731,1.555183508265664,1.5051847912789154,4.838129870129871,1,2,1
1450,-576457086109,4.7197022036078415,1.5674649411111645,1.5175928387840114,4.8625454545454545,1,2,1
1451,-576457085994,4.732777200549919,1.5589057618431792,1.5092617211734467,4.872311688311688,1,2,1
1452,-576457085802,4.729200967133463,1.5382361047264226,1.488522556057786,4.8625454545454545,1,2,1
1453,-576457085699,4.717283961276488,1.5591627505613923,1.5092617211734467,4.857662337662338,1,2,1
1454,-576457085597,4.715562431847404,1.580010370958162,1.5300895151998584,4.8625454545454545,1,2,1
1455,-576457085382,4.692901404551405,1.5551680523582772,1.5051847912789154,4.833246753246753,1,2,1
1456,-576457085290,4.731661954085299,1.5465187740345718,1.4968536736683506,4.867428571428571,1,2,1
1457,-576457085187,4.698034715689731,1.555183508265664,1.5051847912789154,4.838129870129871,1,2,1
1458,-576457084982,4.695330272658594,1.5634200756664922,1.513427279978729,4.838129870129871,1,2,1
1459,-576457084891,4.68913442051119,1.550979905074717,1.501019232473633,4.828363636363637,1,2,1
1460,-576457084817,4.704534353926165,1.5510123836565128,1.501019232473633,4.843012987012987,1,2,1
1461,-576457084686,4.71212991550295,1.5592129764050289,1.5092617211734467,4.852779220779221,1,2,1
1462,-576457084555,4.71212991550295,1.5592129764050289,1.5092617211734467,4.852779220779221,1,2,1
1463,-576457084427,4.70247044806193,1.5884186492444754,1.538420632810423,4.852779220779221,1,2,1
1464,-576457084297,4.702863914514944,1.5717557026760853,1.5217583975892937,4.847896103896104,1,2,1
1465,-576457084160,4.685068834040746,1.5633536242619934,1.513427279978729,4.828363636363637,1,2,1
1467,-576457083898,4.734753451975491,1.5838614114991962,1.5342550740051406,4.881974025974026,1,2,1
1468,-576457083754,4.693195217941943,1.5385070019432046,1.488522556057786,4.828363636363637,1,2,1
1469,-576457083549,4.701837374932284,1.5592606027630858,1.5092617211734467,4.843012987012987,1,2,1
1470,-576457083446,4.733227815233468,1.525651825352976,1.476025879641939,4.8625454545454545,1,2,1
1471,-576457083383,4.690196961520268,1.5633955306595757,1.513427279978729,4.833246753246753,1,2,1
1472,-576457083253,4.705612445911653,1.5634168732489746,1.513427279978729,4.847896103896104,1,2,1
1473,-576457083121,4.708595151356918,1.5384977404302487,1.488522556057786,4.843012987012987,1,2,1
1474,-576457082991,4.688824581895844,1.5675516908358385,1.5175928387840114,4.833246753246753,1,2,1
1475,-576457082862,4.681314497696589,1.5591460482680608,1.5092617211734467,4.823480519480519,1,2,1
1476,-576457082733,4.721338311561814,1.5467015724031723,1.4968536736683506,4.857662337662338,1,2,1
1477,-576457082603,4.676196737534674,1.5590740033859976,1.5092617211734467,4.818597402597403,1,2,1
1478,-576457082474,4.703456656559791,1.5385185425174361,1.488522556057786,4.838129870129871,1,2,1
1479,-576457082344,4.6921779074912635,1.5884007469855204,1.538420632810423,4.843012987012987,1,2,1
1480,-576457082213,4.685368847981914,1.5467821651012084,1.4968536736683506,4.823480519480519,1,2,1
1481,-576457082074,4.7224431907088285,1.5590948433382978,1.5092617211734467,4.8625454545454545,1,2,1
1482,-576457081948,4.716427167360713,1.5301002812731839,1.4801914384472215,4.847896103896104,1,2,1
1483,-576457081812,4.709388928401964,1.567563795150628,1.5175928387840114,4.852779220779221,1,2,1
1484,-576457081685,4.697720236059013,1.571756689917908,1.5217583975892937,4.843012987012987,1,2,1
1485,-576457081553,4.671493331577017,1.5424158864434814,1.4926881148630682,4.808935064935065,1,2,1
1486,-576457081424,4.691565568996831,1.5592381532989046,1.5092617211734467,4.833246753246753,1,2,1
1487,-576457081193,4.717283961276488,1.5591627505613923,1.5092617211734467,4.857662337662338,1,2,1
1488,-576457081091,4.682320302644038,1.5716556932942933,1.5217583975892937,4.828363636363637,1,2,1
1489,-576457080988,4.677197358823317,1.571587546015313,1.5217583975892937,4.823480519480519,1,2,1
1490,-576457080886,4.702863914514944,1.5717557026760853,1.5217583975892937,4.847896103896104,1,2,1
1491,-576457080711,4.716427167360713,1.5301002812731839,1.4801914384472215,4.847896103896104,1,2,1
1492,-576457080579,4.711035403673542,1.54681299441186,1.4968536736683506,4.847896103896104,1,2,1
1493,-576457080477,4.687448430123559,1.5717066335950474,1.5217583975892937,4.833246753246753,1,2,1
1494,-576457080272,4.6406256213555395,1.5580933744831647,1.5092617211734467,4.784519480519481,1,2,1
1495,-576457080169,4.674433738835165,1.5798759069985346,1.5300895151998584,4.823480519480519,1,2,1
1496,-576457080067,4.7175378649318604,1.5425850835202302,1.4926881148630682,4.852779220779221,1,2,1
1497,-576457079964,4.657551751120791,1.537917183871432,1.488522556057786,4.7942857142857145,1,2,1
1499,-576457079721,4.710761308026387,1.5633890200584168,1.513427279978729,4.852779220779221,1,2,1
