1,-576459250499,0.059461195730276195,1.5504717063657387,4.877090909090909,1.501019232473633,1,2,1
2,-576459250379,0.02795732847824084,1.5159255669966132,4.896623376623377,1.4676947620313745,1,2,1
3,-576459250246,0.07059667579459372,1.5215665967189724,4.857662337662338,1.4718603208366567,1,2,1
4,-576459250114,0.07755680929117137,1.559094843338299,4.8625454545454545,1.5092617211734467,1,2,1
5,-576459249984,0.10438008071784388,1.5468472651768268,4.833246753246753,1.4968536736683506,1,2,1
6,-576459249855,0.05697832094721722,1.5586484276102621,4.881974025974026,1.5092617211734467,1,2,1
7,-576459249724,0.066275313597429,1.5713846542411904,4.877090909090909,1.5217583975892937,1,2,1
8,-576459249592,0.08683317759678388,1.5717014343889344,4.857662337662338,1.5217583975892937,1,2,1
9,-576459249460,0.09005879379521975,1.5343237071850815,4.843012987012987,1.4843569972525037,1,2,1
11,-576459249199,0.04100865898683548,1.524846574752178,4.886857142857143,1.476025879641939,1,2,1
12,-576459249070,0.021735991165385826,1.5448062300163126,4.911272727272728,1.4968536736683506,1,2,1
13,-576459248940,0.07755680929117137,1.559094843338299,4.8625454545454545,1.5092617211734467,1,2,1
14,-576459248808,0.08246213506813937,1.5425850835202302,4.852779220779221,1.4926881148630682,1,2,1
15,-576459248677,0.024087706322506897,1.5199014006803333,4.901506493506494,1.4718603208366567,1,2,1
16,-576459248546,0.0417041320448428,1.5748099922541923,4.901506493506494,1.5259239563945757,1,2,1
17,-576459248397,0.03958576425996263,1.5040321666306562,4.881974025974026,1.4552867145262782,1,2,1
18,-576459248288,0.06160777167538889,1.5255264938919362,4.867428571428571,1.476025879641939,1,2,1
19,-576459248156,0.06588696389550641,1.5547981780508267,4.872311688311688,1.5051847912789154,1,2,1
20,-576459248026,0.08761099718287468,1.5426367008963249,4.847896103896104,1.4926881148630682,1,2,1
21,-576459247895,0.06969541720614725,1.550713286579894,4.867428571428571,1.501019232473633,1,2,1
23,-576459247636,0.033510090257545144,1.5495458739759105,4.901506493506494,1.501019232473633,1,2,1
24,-576459247503,0.054054343451660714,1.5336457434093926,4.877090909090909,1.4843569972525037,1,2,1
25,-576459247351,0.054054343451660714,1.5336457434093926,-1.0,-1.0,1,2,0,1
27,-576459247044,0.05911896817758411,1.5337939333106878,4.872311688311688,1.4843569972525037,1,2,1
28,-576459246964,0.07976625322455355,1.5342190844965904,4.852779220779221,1.4843569972525037,1,2,1
29,-576459246833,0.10709859544859501,1.5551680523582772,4.833246753246753,1.5051847912789154,1,2,1
31,-576459246532,0.041195112988018145,1.5415293471859581,4.891740259740259,1.4926881148630682,1,2,1
32,-576459246429,0.05045744795689888,1.5543692337436332,4.886857142857143,1.5051847912789154,1,2,1
33,-576459246225,0.08923869197361256,1.563389020058417,4.852779220779221,1.513427279978729,1,2,1
34,-576459246122,0.07485983029729049,1.5508086847173592,4.8625454545454545,1.501019232473633,1,2,1
36,-576459245902,0.03871067866969824,1.5497674337531853,4.896623376623377,1.501019232473633,1,2,1
37,-576459245706,0.09410827478239092,1.546842078493388,4.843012987012987,1.4968536736683506,1,2,1
38,-576459245610,0.05564248539264316,1.5545310454740415,4.881974025974026,1.5051847912789154,1,2,1
39,-576459245508,0.08626117018715007,1.5384591510848302,4.847896103896104,1.488522556057786,1,2,1
40,-576459245303,0.02424352075583691,1.5365935408662792,4.906389610389611,1.488522556057786,1,2,1
43,-576459244996,0.07376100367659078,1.563199804009952,4.867428571428571,1.513427279978729,1,2,1
44,-576459244790,0.06082233916958302,1.5546748375609958,4.877090909090909,1.5051847912789154,1,2,1
45,-576459244688,0.08923869197361256,1.563389020058417,4.852779220779221,1.513427279978729,1,2,1
46,-576459244586,0.06082233916958302,1.5546748375609958,4.877090909090909,1.5051847912789154,1,2,1
47,-576459244381,0.059461195730276195,1.5504717063657387,4.877090909090909,1.501019232473633,1,2,1
48,-576459244279,0.06215817472415708,1.5587872412170067,4.877090909090909,1.5092617211734467,1,2,1
50,-576459244074,0.06698444677111759,1.5423229481243184,4.867428571428571,1.4926881148630682,1,2,1
51,-576459227479,1.6127202720579423,1.669661520963269,3.4863447277988784,2.2162188664444007,1,2,1
52,-576459227347,1.6331597572766805,1.6630679314249603,3.465183577500452,2.225436360070602,1,2,1
53,-576459227216,1.6125145360363158,1.650885085619978,3.477844094773015,2.202392626005099,1,2,1
54,-576459227071,1.6125145360363158,1.650885085619978,-1.0,-1.0,1,2,0,1
55,-576459226940,1.602700145099969,1.6411364171387284,3.4820944112859467,2.188566385565797,1,2,1
56,-576459226802,1.597585453111575,1.677408102439021,3.5033459938506057,2.2116101196313003,1,2,1
57,-576459226679,1.6147234252254226,1.6551380017602169,3.477844094773015,2.2070013728181994,1,2,1
58,-576459226547,1.594193850051417,1.6617191809073795,3.499095677337674,2.1977838791919986,1,2,1
59,-576459226417,1.598607010919372,1.670195076663524,3.499095677337674,2.2070013728181994,1,2,1
60,-576459226288,1.5998035773211976,1.681629643466508,3.5033459938506057,2.2162188664444007,1,2,1
61,-576459226155,1.6264915321170372,1.650325880447652,3.465183577500452,2.2116101196313003,1,2,1
62,-576459226026,1.605915573530544,1.638093545552877,3.477844094773015,2.188566385565797,1,2,1
63,-576459225897,1.5984525432511982,1.6514546939920622,3.4905950443118106,2.1931751323788977,1,2,1
64,-576459225764,1.6037251543824698,1.6338186853120753,3.477844094773015,2.1839576387526964,1,2,1
66,-576459225504,1.6082886411489543,1.6611860335176862,3.4863447277988784,2.2070013728181994,1,2,1
67,-576459225369,1.5724653459628986,1.6380046801797938,3.5075963103635375,2.165620709943126,1,2,1
68,-576459225238,1.6159396277038351,1.6666487278135789,3.4820944112859467,2.2162188664444007,1,2,1
69,-576459225106,1.6169369319247875,1.6593854932296948,3.477844094773015,2.2116101196313003,1,2,1
70,-576459224975,1.6245210101464331,1.664902776463374,3.4736842105263155,2.2208276132575016,1,2,1
71,-576459224845,1.6016758261124089,1.6484326305962382,3.4863447277988784,2.1931751323788977,1,2,1
73,-576459224582,1.605915573530544,1.638093545552877,3.477844094773015,2.188566385565797,1,2,1
74,-576459224406,1.5909587855442546,1.664712320955232,3.5033459938506057,2.1977838791919986,1,2,1
75,-576459224311,1.6050653582877445,1.6641974250083544,3.4905950443118106,2.2070013728181994,1,2,1
76,-576459224106,1.60303864182836,1.6786500253752692,3.499095677337674,2.2162188664444007,1,2,1
77,-576459224004,1.6161790668871494,1.6853293906333238,3.4905950443118106,2.2300451068837024,1,2,1
78,-576459223902,1.6028564690986378,1.6599551895534275,3.4905950443118106,2.202392626005099,1,2,1
79,-576459223797,1.607278864987109,1.6684343497401264,3.4905950443118106,2.2116101196313003,1,2,1
80,-576459223666,1.6258371338248274,1.6763216839780435,3.477844094773015,2.2300451068837024,1,2,1
82,-576459223389,1.6289803461169692,1.6733669578761234,3.4736842105263155,2.2300451068837024,1,2,1
83,-576459223185,1.60303864182836,1.6786500253752692,3.499095677337674,2.2162188664444007,1,2,1
84,-576459223082,1.5865640947173314,1.6562222811073748,3.5033459938506057,2.188566385565797,1,2,1
85,-576459222980,1.6191550561344101,1.663627583863563,3.477844094773015,2.2162188664444007,1,2,1
86,-576459222878,1.5994807894540761,1.644170689131724,3.4863447277988784,2.188566385565797,1,2,1
87,-576459222752,1.6181623694237164,1.6708819537130948,3.4820944112859467,2.2208276132575016,1,2,1
89,-576459222468,1.6115079967948471,1.6581662337105092,3.4820944112859467,2.2070013728181994,1,2,1
90,-576459222263,1.5866811465628259,1.6749038271652499,3.5118466268764696,2.202392626005099,1,2,1
91,-576459222233,1.60303864182836,1.6786500253752692,3.499095677337674,2.2162188664444007,1,2,1
92,-576459222058,1.6267483693765716,1.6691375510839928,3.4736842105263155,2.225436360070602,1,2,1
93,-576459221956,1.6127202720579423,1.669661520963269,3.4863447277988784,2.2162188664444007,1,2,1
94,-576459221782,1.6092991076057404,1.653916918940052,3.4820944112859467,2.202392626005099,1,2,1
95,-576459221649,1.6092991076057404,1.653916918940052,3.4820944112859467,2.202392626005099,1,2,1
96,-576459221546,1.5899240655006235,1.671930811756078,3.5075963103635375,2.202392626005099,1,2,1
97,-576459221444,1.6411141558151479,1.68712825923151,3.4694338940133838,2.2483820356932736,1,2,1
98,-576459221239,1.6092991076057404,1.653916918940052,3.4820944112859467,2.202392626005099,1,2,1
100,-576459221034,1.583288114406681,1.6405274538229553,3.499095677337674,2.1748382035693274,1,2,1
102,-576459200555,0.018276233843263157,1.6278726237466083,4.940467532467532,1.579987591952495,1,2,1
102,-576459200555,0.018276233843263157,1.6278726237466083,4.940467532467532,1.579987591952495,1,2,1
104,-576459200307,0.04764350723149935,1.6082804860274322,4.906389610389611,1.5591597979260834,1,2,1
105,-576459200175,0.05047486536421886,1.616708342777696,4.906389610389611,1.567490915536648,1,2,1
106,-576459200043,0.055263479082949374,1.6002719579976585,4.896623376623377,1.5509173092262696,1,2,1
107,-576459199915,0.05097189167422833,1.6333942811725048,4.911272727272728,1.5841531507577773,1,2,1
108,-576459199785,-0.009440139582477691,1.6220171551228013,4.964883116883117,1.5758220331472126,1,2,1
109,-576459199652,0.043846344494169465,1.612316529379558,4.911272727272728,1.5633253567313656,1,2,1
111,-576459199390,0.03439682624953022,1.6453015057372176,4.9308051948051945,1.5966498271736242,1,2,1
112,-576459199260,0.06372767257148837,1.6254045189776278,4.896623376623377,1.5758220331472126,1,2,1
113,-576459199106,0.025012346455806522,1.586591974231535,4.921038961038961,1.538420632810423,1,2,1
114,-576459198998,0.036247784486683976,1.6203629288664605,4.921038961038961,1.5716564743419303,1,2,1
115,-576459198867,0.056262529857947996,1.5877987765512074,4.891740259740259,1.538420632810423,1,2,1
116,-576459198736,0.02959994049236503,1.6159091933797565,4.925922077922078,1.567490915536648,1,2,1
117,-576459198602,0.03443002348152113,1.5995305993225868,4.916155844155844,1.5509173092262696,1,2,1
118,-576459198478,0.04863237619271743,1.6416555884440103,4.916155844155844,1.592484268368342,1,2,1
119,-576459198347,0.0041868047924999985,1.5854340998821648,4.940467532467532,1.538420632810423,1,2,1
120,-576459198217,0.031021277780515888,1.6201420347286648,4.925922077922078,1.5716564743419303,1,2,1
121,-576459198087,-0.028455615419384905,1.5955884494020016,4.97464935064935,1.5509173092262696,1,2,1
122,-576459197955,0.043846344494169465,1.612316529379558,4.911272727272728,1.5633253567313656,1,2,1
123,-576459197820,0.07601399614352822,1.600731818102875,4.877090909090909,1.5509173092262696,1,2,1
124,-576459197692,0.04004777024589856,1.6163439917327975,4.916155844155844,1.567490915536648,1,2,1
125,-576459197560,0.04146910753404942,1.620566206171535,4.916155844155844,1.5716564743419303,1,2,1
127,-576459197303,0.0031360277200835895,1.5978894892503825,4.945350649350649,1.5509173092262696,1,2,1
128,-576459197171,0.021536891994675678,1.607184258895218,4.9308051948051945,1.5591597979260834,1,2,1
129,-576459197042,0.028643578435429973,1.6283754470420988,4.9308051948051945,1.579987591952495,1,2,1
130,-576459196912,0.021977822827783378,1.6238893290258776,4.9356883116883115,1.5758220331472126,1,2,1
131,-576459196780,0.017713810963329912,1.6111582732359546,4.9356883116883115,1.5633253567313656,1,2,1
132,-576459196649,0.014919958294416169,1.6027537193478611,4.9356883116883115,1.555082868031552,1,2,1
133,-576459196503,0.025388522683161163,1.6032919409749862,4.925922077922078,1.555082868031552,1,2,1
134,-576459196386,0.023982193727988488,1.5990531924976763,4.925922077922078,1.5509173092262696,1,2,1
135,-576459196258,0.027715982050438903,1.6408429104565025,4.9356883116883115,1.592484268368342,1,2,1
136,-576459196119,0.046263447555013215,1.6041541459509612,4.906389610389611,1.555082868031552,1,2,1
137,-576459195997,0.004542356675255377,1.6021503035389708,4.945350649350649,1.555082868031552,1,2,1
138,-576459195865,0.039646162870083046,1.5997425316488394,4.911272727272728,1.5509173092262696,1,2,1
139,-576459195731,0.034058568528002375,1.5828373559272166,4.911272727272728,1.5342550740051406,1,2,1
140,-576459195605,0.019131376103620923,1.6154034738555518,4.9356883116883115,1.567490915536648,1,2,1
141,-576459195475,0.046685246922610446,1.62075192517635,4.911272727272728,1.5716564743419303,1,2,1
143,-576459195198,0.02884242913944224,1.5826040689688081,4.916155844155844,1.5342550740051406,1,2,1
144,-576459195067,0.011775440805070758,1.5775438951727057,4.9308051948051945,1.5300895151998584,1,2,1
145,-576459194936,0.013029102792495806,1.627592106269161,4.945350649350649,1.579987591952495,1,2,1
146,-576459194804,0.03511843605374221,1.570374625970004,4.906389610389611,1.5217583975892937,1,2,1
147,-576459194674,0.0452639096344587,1.6165349439771235,4.911272727272728,1.567490915536648,1,2,1
148,-576459194542,0.031628682014760656,1.5910702519484352,4.916155844155844,1.5425861916157053,1,2,1
149,-576459194344,0.016847352259390824,1.6236266130584933,4.940467532467532,1.5758220331472126,1,2,1
150,-576459194206,0.006538566781296495,1.5772324266545823,4.9356883116883115,1.5300895151998584,1,2,1
151,-576459180484,1.586413802193408,1.5995097729203973,3.477844094773015,2.1471857226907236,1,2,1
152,-576459180382,1.594918249354171,1.597720538965321,3.4694338940133838,2.151794469503824,1,2,1
153,-576459180177,1.6163700917780655,1.6025841812067427,3.4524326279616564,2.1702294567562266,1,2,1
154,-576459180074,1.577840297311278,1.6203703025034866,3.4948453608247423,2.156403216316925,1,2,1
155,-576459179972,1.5810494139621825,1.5982663630535854,3.4820944112859467,2.1425769758776227,1,2,1
156,-576459179868,1.5595987639866857,1.5932273442397404,3.499095677337674,2.1241419886252206,1,2,1
157,-576459179739,1.586413802193408,1.5995097729203973,3.477844094773015,2.1471857226907236,1,2,1
158,-576459179563,1.5628299012785312,1.5901648833050799,3.4948453608247423,2.1241419886252206,1,2,1
159,-576459179460,1.5519338333977215,1.6256028182876225,3.520347259902333,2.1425769758776227,1,2,1
160,-576459179347,1.605915573530544,1.638093545552877,3.477844094773015,2.188566385565797,1,2,1
161,-576459179217,1.5874080546848988,1.5921586742029445,3.4736842105263155,2.1425769758776227,1,2,1
162,-576459179087,1.600215121623847,1.5797028098333499,3.456682944474588,2.1425769758776227,1,2,1
163,-576459178957,1.5713944743770423,1.6452724518856123,3.5118466268764696,2.1702294567562266,1,2,1
165,-576459178696,1.6100760242323244,1.6277646747550634,3.4694338940133838,2.1839576387526964,1,2,1
166,-576459178567,1.5961891002821562,1.6283977280462398,3.4820944112859467,2.1748382035693274,1,2,1
167,-576459178435,1.5799790181169402,1.6056569781479793,3.4863447277988784,2.1471857226907236,1,2,1
168,-576459178307,1.6023640814244975,1.5840497692618745,3.456682944474588,2.1471857226907236,1,2,1
169,-576459178176,1.5928883866569086,1.6124522295980837,3.477844094773015,2.1610119631300257,1,2,1
170,-576459178044,1.61738606590725,1.5951383712551728,3.4481823114487247,2.165620709943126,1,2,1
171,-576459177903,1.5896729582263336,1.6155181833247085,3.4820944112859467,2.1610119631300257,1,2,1
172,-576459177779,1.5927646720432622,1.5933924198422298,3.4694338940133838,2.1471857226907236,1,2,1
173,-576459177647,1.6324196651074283,1.6060722791240416,3.439681678422861,2.1839576387526964,1,2,1
174,-576459177515,1.6015393527446533,1.6295382758760575,3.477844094773015,2.1793488919395956,1,2,1
175,-576459177304,1.6141980444261241,1.5982626849442152,3.4524326279616564,2.165620709943126,1,2,1
176,-576459177208,1.5918812858069753,1.6386635332433577,3.4905950443118106,2.1793488919395956,1,2,1
177,-576459177105,1.5918812858069753,1.6386635332433577,-1.0,-1.0,1,2,0,1
178,-576459176947,1.61886540588617,1.6448608584713196,3.4694338940133838,2.202392626005099,1,2,1
179,-576459176798,1.597290370306002,1.6399033036179176,3.4863447277988784,2.1839576387526964,1,2,1
181,-576459176487,1.582132595427849,1.609968720377929,3.4863447277988784,2.151794469503824,1,2,1
182,-576459176388,1.5799790181169402,1.6056569781479793,3.4863447277988784,2.1471857226907236,1,2,1
183,-576459176286,1.591710591796458,1.6008123514176387,3.4736842105263155,2.151794469503824,1,2,1
184,-576459176183,1.5639764223528618,1.5828437245249154,3.4905950443118106,2.119631300254952,1,2,1
185,-576459175977,1.5854229384386032,1.6447038241500425,3.499095677337674,2.1793488919395956,1,2,1
186,-576459175934,1.5896729582263336,1.6155181833247085,3.4820944112859467,2.1610119631300257,1,2,1
187,-576459175773,1.5820660481425906,1.5716633717033828,3.4694338940133838,2.1241419886252206,1,2,1
188,-576459175588,1.5983239243140783,1.632588705452684,3.4820944112859467,2.1793488919395956,1,2,1
189,-576459175467,1.6088386658879976,1.5970548099897477,3.456682944474588,2.1610119631300257,1,2,1
190,-576459175364,1.5681484280867073,1.6105051395837926,3.499095677337674,2.1425769758776227,1,2,1
191,-576459175262,1.5692352230881594,1.6031439108229397,3.4948453608247423,2.1379682290645223,1,2,1
192,-576459175148,1.57890507167179,1.5939390977213928,3.4820944112859467,2.1379682290645223,1,2,1
193,-576459174955,1.5896729582263336,1.6155181833247085,3.4820944112859467,2.1610119631300257,1,2,1
194,-576459174852,1.5704190608599649,1.5766645454978632,3.4820944112859467,2.119631300254952,1,2,1
195,-576459174749,1.5853977495609133,1.6259145233590389,3.4905950443118106,2.165620709943126,1,2,1
197,-576459174442,1.602547741004873,1.6223458581704648,3.4736842105263155,2.1748382035693274,1,2,1
198,-576459174340,1.5608494987928432,1.5666850997560076,3.4863447277988784,2.10580505981565,1,2,1
199,-576459174234,1.582132595427849,1.609968720377929,3.4863447277988784,2.151794469503824,1,2,1
201,-576459154372,1.675678692938908,4.871148679463293,5.691220779220779,5.072103896103896,1,2,1
202,-576459154270,1.678421699091424,4.849803420601749,5.671688311688311,5.0526753246753255,1,2,1
203,-576459154128,1.600567663437635,4.869595715461313,5.730181818181818,5.047792207792208,1,2,1
204,-576459153963,1.6488888250089841,4.9003303255826225,5.730181818181818,5.091636363636365,1,2,1
206,-576459153734,1.703927482748759,4.8772637408202515,5.681454545454546,5.086753246753247,1,2,1
207,-576459153553,1.6696346019198196,4.873119856413308,5.696103896103896,5.072103896103896,1,2,1
208,-576459153451,1.6797614859900118,4.8852261829967505,5.700987012987014,5.086753246753247,1,2,1
209,-576459153370,1.6671140730528662,4.894472555556879,5.7155324675324675,5.091636363636365,1,2,1
210,-576459153238,1.7322021908526266,4.883241610861374,5.671688311688311,5.101402597402598,1,2,1
211,-576459153106,1.646901553601679,4.870203127564964,5.705766233766233,5.062337662337662,1,2,1
212,-576459152977,1.6354707036159764,4.868731803874946,5.7106493506493505,5.0574545454545445,1,2,1
213,-576459152843,1.6664517779228105,4.8998185164763655,5.720415584415584,5.09651948051948,1,2,1
214,-576459152705,1.7195345419346335,4.8926502726708385,5.686337662337662,5.106285714285715,1,2,1
215,-576459152583,1.7195775552736365,4.841118347713058,5.642493506493506,5.0574545454545445,1,2,1
216,-576459152452,1.6750214711770446,4.876500232608519,5.696103896103896,5.076987012987013,1,2,1
217,-576459152322,1.6696346019198196,4.873119856413308,5.696103896103896,5.072103896103896,1,2,1
218,-576459152190,1.7406211696378149,4.859757394568097,5.647272727272727,5.081870129870129,1,2,1
219,-576459152061,1.703927482748759,4.8772637408202515,5.681454545454546,5.086753246753247,1,2,1
220,-576459151929,1.6535050961009623,4.862947994288653,5.696103896103896,5.0574545454545445,1,2,1
221,-576459151799,1.7226133043918241,4.86586234035784,5.661922077922078,5.081870129870129,1,2,1
222,-576459151666,1.6763359147007715,4.865796041091372,5.686337662337662,5.067220779220779,1,2,1
224,-576459151403,1.6219285604288425,4.883265964367969,5.730181818181818,5.067220779220779,1,2,1
225,-576459151300,1.6219285604288425,4.883265964367969,-1.0,-1.0,1,2,0,1
226,-576459151096,1.681065562196133,4.874523688207596,5.691220779220779,5.076987012987013,1,2,1
227,-576459150993,1.656987078692059,4.882348121444146,5.7106493506493505,5.076987012987013,1,2,1
229,-576459150801,1.5830357021860135,4.869910497635323,5.739948051948051,5.042909090909091,1,2,1
230,-576459150584,1.693779864043354,4.865195082013009,5.676571428571428,5.072103896103896,1,2,1
232,-576459150379,1.6649205054008673,4.864383285458091,5.691220779220779,5.062337662337662,1,2,1
233,-576459150276,1.6890450328891893,4.856474642705664,5.671688311688311,5.062337662337662,1,2,1
234,-576459150072,1.717221251475797,4.862524550982971,5.661922077922078,5.076987012987013,1,2,1
235,-576459149969,1.6689721964991522,4.878470086544123,5.700987012987014,5.076987012987013,1,2,1
236,-576459149867,1.6012920521827136,4.864255318657971,5.7252987012987,5.042909090909091,1,2,1
237,-576459149756,1.6576597411397196,4.8770005245188095,5.705766233766233,5.072103896103896,1,2,1
238,-576459149626,1.6918548516869927,4.881258296191095,5.691220779220779,5.086753246753247,1,2,1
239,-576459149497,1.5944822134387353,4.871486190663932,5.735064935064935,5.047792207792208,1,2,1
240,-576459149355,1.6542971716031016,4.857669730641811,5.691220779220779,5.0526753246753255,1,2,1
241,-576459149150,1.6314868670572786,4.854735172223817,5.700987012987014,5.042909090909091,1,2,1
242,-576459149048,1.707084000087998,4.850473270853979,5.657038961038961,5.062337662337662,1,2,1
243,-576459148945,1.6635853272419272,4.875084336807604,5.700987012987014,5.072103896103896,1,2,1
244,-576459148740,1.6797614859900118,4.8852261829967505,5.700987012987014,5.086753246753247,1,2,1
245,-576459148714,1.6985302461739265,4.873909728522432,5.681454545454546,5.081870129870129,1,2,1
246,-576459148582,1.6207906628436497,4.847887324668613,5.700987012987014,5.033142857142858,1,2,1
247,-576459148433,1.646901553601679,4.870203127564964,5.705766233766233,5.062337662337662,1,2,1
249,-576459148126,1.6375361417351706,4.8528027975372545,5.696103896103896,5.042909090909091,1,2,1
250,-576459148024,1.615134162370662,4.8905171627512765,5.739948051948051,5.072103896103896,1,2,1
251,-576459130718,0.011688796263025658,4.877555958894026,6.729454545454546,4.828363636363637,1,2,1
252,-576459130590,0.050483298745298555,4.887876469747831,6.709922077922078,4.838129870129871,1,2,1
253,-576459130459,0.12086858668152978,4.961228390509121,6.714805194805194,4.911272727272728,1,2,1
254,-576459130328,0.08059911268855391,4.936818631816143,6.724571428571428,4.886857142857143,1,2,1
255,-576459130197,-0.07107221893859883,4.7680424090356,6.709922077922078,4.7211428571428575,1,2,1
256,-576459130067,0.04617145203751605,4.863517214576837,6.695376623376624,4.813818181818181,1,2,1
258,-576459129807,0.1980555412966476,4.999262515888802,6.690493506493507,4.950233766233766,1,2,1
259,-576459129676,0.19509818181817984,4.970119997711264,6.67096103896104,4.921038961038961,1,2,1
260,-576459129546,0.21592372348148636,4.989107321136079,6.67096103896104,4.940467532467532,1,2,1
261,-576459129414,0.15962568773970265,4.970677720947084,6.695376623376624,4.921038961038961,1,2,1
262,-576459129283,0.13555728292035596,5.014755788953001,6.744103896103895,4.964883116883117,1,2,1
263,-576459129154,0.2014708555588971,5.008961954428785,6.695376623376624,4.96,1,2,1
265,-576459128895,0.1536220029772597,5.004826738257018,6.724571428571428,4.955116883116883,1,2,1
266,-576459128762,0.25445485198031914,5.036907381281574,6.680727272727272,4.989298701298702,1,2,1
267,-576459128632,0.2720343778186818,5.045999964161226,6.675844155844155,4.998961038961039,1,2,1
268,-576459128500,0.26315978851188326,5.051183381899575,6.68561038961039,5.003844155844156,1,2,1
269,-576459128369,0.15774214465376613,4.975583636736965,6.70025974025974,4.925922077922078,1,2,1
270,-576459128240,0.21893052131380752,5.037881019218576,6.7051428571428575,4.989298701298702,1,2,1
271,-576459128099,0.21201177058965914,5.0185037769465755,6.695376623376624,4.969766233766234,1,2,1
272,-576459127980,0.2259500096064304,5.057143445882305,6.714805194805194,5.008727272727273,1,2,1
273,-576459127848,0.21729000359324413,5.023266453446175,6.695376623376624,4.97464935064935,1,2,1
274,-576459127718,0.2107932529130938,4.984444646081822,6.67096103896104,4.9356883116883115,1,2,1
275,-576459127588,0.2950617342905524,5.059814373669427,6.67096103896104,5.013610389610389,1,2,1
276,-576459127458,0.1765614578307071,5.019176467127914,6.719688311688312,4.969766233766234,1,2,1
277,-576459127325,0.23875961544948332,5.00317363863516,6.666077922077923,4.955116883116883,1,2,1
278,-576459127195,0.2191166367229611,5.018338519579642,6.690493506493507,4.969766233766234,1,2,1
279,-576459127064,0.15701150923610463,5.0145557759104324,6.729454545454546,4.964883116883117,1,2,1
281,-576459126805,0.1765614578307071,5.019176467127914,6.719688311688312,4.969766233766234,1,2,1
282,-576459126675,0.2191166367229611,5.018338519579642,6.690493506493507,4.969766233766234,1,2,1
283,-576459126546,0.2030647203502296,5.023581589291074,6.7051428571428575,4.97464935064935,1,2,1
288,-576459125893,0.18527585002236613,5.033686060293917,6.724571428571428,4.984415584415584,1,2,1
289,-576459125761,0.24364601523829066,5.046896766129613,6.695376623376624,4.998961038961039,1,2,1
290,-576459125598,0.2861974571560566,5.045492165542757,6.666077922077923,4.998961038961039,1,2,1
291,-576459125496,0.19609585544889807,5.023721116878342,6.709922077922078,4.97464935064935,1,2,1
292,-576459125291,0.17128840848592386,5.014371292230926,6.719688311688312,4.964883116883117,1,2,1
293,-576459125188,0.2014708555588971,5.008961954428785,6.695376623376624,4.96,1,2,1
294,-576459125086,0.17334117961090456,4.989923128019211,6.70025974025974,4.940467532467532,1,2,1
295,-576459124921,0.23149455220104542,5.022911153907483,6.68561038961039,4.97464935064935,1,2,1
296,-576459124848,0.20105984468383298,5.047939413082447,6.724571428571428,4.998961038961039,1,2,1
297,-576459124717,0.2526593208034207,5.041848071088472,6.68561038961039,4.9941818181818185,1,2,1
298,-576459124586,0.24583337962996854,5.002970416904957,6.661194805194805,4.955116883116883,1,2,1
299,-576459124454,0.19095067516334652,4.999398177056305,6.695376623376624,4.950233766233766,1,2,1
300,-576459124267,0.22621631919745955,5.018163227899347,6.68561038961039,4.969766233766234,1,2,1
301,-576459109807,0.018348260796233973,5.701566037843853,7.338805194805195,5.652155844155844,1,2,1
302,-576459109726,0.011888153585543293,5.677154355888121,7.324155844155845,5.627844155844156,1,2,1
304,-576459109476,0.007722421993589634,5.667320036025778,7.319272727272728,5.618077922077922,1,2,1
305,-576459109347,-0.001861005081872591,5.672038347549536,7.32903896103896,5.622961038961039,1,2,1
306,-576459109204,0.1052990192641925,5.69727024115131,7.280311688311688,5.647272727272727,1,2,1
307,-576459109088,-0.059303497180404285,5.617071856120468,7.324155844155845,5.56935064935065,1,2,1
308,-576459108956,0.06004942779411593,5.672819114772787,7.290077922077922,5.622961038961039,1,2,1
309,-576459108824,0.14499927519121236,5.76047205328107,7.304623376623376,5.7106493506493505,1,2,1
310,-576459108693,0.08127749264851492,5.721657409669618,7.31438961038961,5.671688311688311,1,2,1
311,-576459108563,0.057960457882040295,5.721532507342289,7.32903896103896,5.671688311688311,1,2,1
312,-576459108432,0.10117282685693763,5.687610267615186,7.275428571428572,5.63761038961039,1,2,1
313,-576459108301,0.10956809316036775,5.707030869484985,7.285194805194806,5.657038961038961,1,2,1
314,-576459108170,-0.02157142651814503,5.661878144553772,7.333922077922077,5.613194805194805,1,2,1
315,-576459108039,0.0232515608614996,5.667553668246454,7.309506493506493,5.618077922077922,1,2,1
316,-576459107908,0.007722421993589634,5.667320036025778,7.319272727272728,5.618077922077922,1,2,1
317,-576459107777,0.06535859731459848,5.658204700835507,7.275428571428572,5.608311688311687,1,2,1
318,-576459107647,0.0280562740252428,5.63353652269714,7.280311688311688,5.5840000000000005,1,2,1
319,-576459107518,0.0041106250045857,5.677027196507248,7.32903896103896,5.627844155844156,1,2,1
320,-576459107387,-0.016984482169438486,5.608353488663766,7.290077922077922,5.559584415584416,1,2,1
321,-576459107166,0.11160455418099424,5.65829968239713,7.246129870129871,5.608311688311687,1,2,1
324,-576459106863,-0.049321314394242144,5.632003148070376,7.32903896103896,5.5840000000000005,1,2,1
325,-576459106730,0.03800520184502165,5.648202198171598,7.285194805194806,5.598545454545455,1,2,1
326,-576459106600,-0.049321314394242144,5.632003148070376,7.32903896103896,5.5840000000000005,1,2,1
327,-576459106469,-0.01791816025871551,5.652187703262292,7.324155844155845,5.603428571428571,1,2,1
328,-576459106338,-5.623882610885644e-4,5.647642219066774,7.309506493506493,5.598545454545455,1,2,1
329,-576459106205,0.0012538775510222422,5.642790676494463,7.304623376623376,5.593662337662338,1,2,1
330,-576459106040,0.0012538775510222422,5.642790676494463,-1.0,-1.0,1,2,0,1
332,-576459105826,-0.02233049931435005,5.622891289946196,7.304623376623376,5.574233766233766,1,2,1
333,-576459105698,0.06535859731459848,5.658204700835507,7.275428571428572,5.608311688311687,1,2,1
334,-576459105528,-0.02157142651814503,5.661878144553772,7.333922077922077,5.613194805194805,1,2,1
335,-576459105425,-0.02157142651814503,5.661878144553772,7.333922077922077,5.613194805194805,1,2,1
336,-576459105221,-0.054601479830164834,5.6659503132572056,7.358337662337663,5.618077922077922,1,2,1
337,-576459105118,-0.05500508832782103,5.6463992557004055,7.343688311688312,5.598545454545455,1,2,1
338,-576459105003,-0.03377144089112516,5.63239744210334,7.319272727272728,5.5840000000000005,1,2,1
339,-576459104911,0.0523080745341602,5.672758782476727,7.2949610389610395,5.622961038961039,1,2,1
340,-576459104786,-0.023398059647862013,5.666722572587552,7.338805194805195,5.618077922077922,1,2,1
341,-576459104656,0.02504709203839628,5.662694360345487,7.304623376623376,5.613194805194805,1,2,1
342,-576459104525,-4.9922928569756664e-5,5.667186978502795,7.324155844155845,5.618077922077922,1,2,1
343,-576459104319,0.06535859731459848,5.658204700835507,7.275428571428572,5.608311688311687,1,2,1
344,-576459104196,0.02792143084470755,5.696812723658088,7.32903896103896,5.647272727272727,1,2,1
346,-576459103992,0.05123846561118217,5.697062206932237,7.31438961038961,5.647272727272727,1,2,1
347,-576459103806,0.03859509118775328,5.667742337960432,7.299844155844155,5.618077922077922,1,2,1
348,-576459103723,0.02072685385760753,5.652867794567594,7.299844155844155,5.603428571428571,1,2,1
349,-576459103581,0.0590004432157345,5.697123895625262,7.309506493506493,5.647272727272727,1,2,1
350,-576459103478,0.05313562958780338,5.692298884462542,7.309506493506493,5.642493506493506,1,2,1
352,-576459078697,1.503985229271012,5.620629285310855,6.422337662337663,5.74483116883117,1,2,1
353,-576459078494,1.4698323623750635,5.6291257789517575,6.4467532467532465,5.74483116883117,1,2,1
354,-576459078392,1.4781531825148293,5.617015683015058,6.432103896103897,5.735064935064935,1,2,1
355,-576459078290,1.5453045091554385,5.65534181743807,6.432103896103897,5.788675324675324,1,2,1
356,-576459078084,1.518654878086342,5.657108937750335,6.4467532467532465,5.783792207792208,1,2,1
357,-576459077982,1.5737549407114657,5.637829333088145,6.40290909090909,5.778909090909092,1,2,1
358,-576459077886,1.4872911504982853,5.6448291856792565,6.451636363636364,5.764259740259739,1,2,1
359,-576459077777,1.5207661712877725,5.641460702951129,6.432103896103897,5.769142857142857,1,2,1
360,-576459077661,1.5200624068872965,5.6466774705419684,6.436987012987013,5.774025974025974,1,2,1
361,-576459077532,1.4957162457192732,5.632774169480266,6.436987012987013,5.754597402597403,1,2,1
362,-576459077403,1.5521298988758283,5.653577497572051,6.427220779220779,5.788675324675324,1,2,1
364,-576459077139,1.5282901417498347,5.63450334623944,6.422337662337663,5.764259740259739,1,2,1
365,-576459077008,1.6304076440781117,5.658019111977298,6.393142857142857,5.813090909090908,1,2,1
366,-576459076877,1.553485591088755,5.643135964509456,6.417454545454546,5.778909090909092,1,2,1
367,-576459076747,1.5351051641526157,5.632755907345562,6.417454545454546,5.764259740259739,1,2,1
368,-576459076617,1.515483577111766,5.632832802189448,6.427220779220779,5.75948051948052,1,2,1
369,-576459076487,1.5384739357762514,5.657098603609299,6.436987012987013,5.788675324675324,1,2,1
370,-576459076356,1.4804398424838827,5.6465235811584265,6.456519480519481,5.764259740259739,1,2,1
372,-576459076095,1.5230074372832143,5.625880298160769,6.417454545454546,5.754597402597403,1,2,1
373,-576459075964,1.552807744982291,5.648357076771482,6.422337662337663,5.783792207792208,1,2,1
374,-576459075831,1.5500963605564415,5.66923463047533,6.4418701298701295,5.803324675324676,1,2,1
375,-576459075701,1.573092535290796,5.643053788887463,6.407792207792209,5.783792207792208,1,2,1
376,-576459075571,1.515483577111766,5.632832802189448,6.427220779220779,5.75948051948052,1,2,1
377,-576459075442,1.5682905371534188,5.629169490580849,6.398025974025972,5.769142857142857,1,2,1
378,-576459075218,1.6125496637749595,5.642630233652796,6.38825974025974,5.793558441558441,1,2,1
379,-576459075115,1.5569321175944344,5.667466162955862,6.436987012987013,5.803324675324676,1,2,1
380,-576459075004,1.5425885734818534,5.625890427719611,6.407792207792209,5.75948051948052,1,2,1
381,-576459074911,1.4949918569741962,5.637988329734707,6.4418701298701295,5.75948051948052,1,2,1
382,-576459074704,1.5682905371534188,5.629169490580849,6.398025974025972,5.769142857142857,1,2,1
383,-576459074602,1.5391621492003185,5.651880453135981,6.432103896103897,5.783792207792208,1,2,1
384,-576459074501,1.552807744982291,5.648357076771482,6.422337662337663,5.783792207792208,1,2,1
385,-576459074296,1.557604780042091,5.66224668130871,6.432103896103897,5.798441558441559,1,2,1
386,-576459074194,1.5405385760484562,5.641442082293518,6.422337662337663,5.774025974025974,1,2,1
388,-576459073989,1.5493881551988404,5.624126822188826,6.40290909090909,5.75948051948052,1,2,1
389,-576459073872,1.5500963605564415,5.66923463047533,6.4418701298701295,5.803324675324676,1,2,1
390,-576459073739,1.5785776734840535,5.651707550312454,6.412675324675325,5.793558441558441,1,2,1
391,-576459073579,1.5608233663569613,5.636176782114231,6.407792207792209,5.774025974025974,1,2,1
392,-576459073477,1.5052788032295203,5.610230327477916,6.412675324675325,5.735064935064935,1,2,1
393,-576459073272,1.5757421569734595,5.622151778201181,6.38825974025974,5.764259740259739,1,2,1
394,-576459073170,1.47284330079858,5.653419543240975,6.466285714285714,5.769142857142857,1,2,1
395,-576459073067,1.47284330079858,5.653419543240975,-1.0,-1.0,1,2,0,1
396,-576459072895,1.497889411954504,5.617127520634651,6.422337662337663,5.739948051948051,1,2,1
397,-576459072760,1.5540186009811752,5.637951848103859,6.412675324675325,5.774025974025974,1,2,1
398,-576459072657,1.5169012526491006,5.622396720226257,6.417454545454546,5.749714285714285,1,2,1
399,-576459072452,1.513935597908585,5.643191882198334,6.436987012987013,5.769142857142857,1,2,1
400,-576459072350,1.4804398424838827,5.6465235811584265,6.456519480519481,5.764259740259739,1,2,1
401,-576459043986,3.2601496373756085,5.6466616133407745,5.778909090909092,6.427220779220779,1,2,1
402,-576459043883,3.222140764261149,5.606540870603609,5.749714285714285,6.3736103896103895,1,2,1
403,-576459043692,3.2514250679416605,5.629276030041124,5.764259740259739,6.407792207792209,1,2,1
404,-576459043576,3.198456898223178,5.625369428318901,5.774025974025974,6.378493506493506,1,2,1
405,-576459043474,3.1978152274377236,5.620139155820477,5.769142857142857,6.3736103896103895,1,2,1
406,-576459043371,3.207171124978915,5.6428726039852055,5.788675324675324,6.398025974025972,1,2,1
407,-576459043259,3.2703275601868484,5.624175094201785,5.754597402597403,6.412675324675325,1,2,1
408,-576459043064,3.2356829074482834,5.6101249823909365,5.749714285714285,6.383376623376623,1,2,1
409,-576459042946,3.1665135934646944,5.6318618269781995,5.788675324675324,6.368727272727273,1,2,1
410,-576459042868,3.192961392712312,5.634002770330818,5.783792207792208,6.383376623376623,1,2,1
411,-576459042738,3.2356829074482834,5.6101249823909365,5.749714285714285,6.383376623376623,1,2,1
412,-576459042552,3.223465354521254,5.6169975116732855,5.75948051948052,6.383376623376623,1,2,1
413,-576459042450,3.1763019721780186,5.604274045659523,5.75948051948052,6.349298701298701,1,2,1
414,-576459042245,3.2521082079975363,5.6344980673982095,5.769142857142857,6.412675324675325,1,2,1
415,-576459042217,3.2187934394684934,5.63080666873213,5.774025974025974,6.393142857142857,1,2,1
416,-576459042086,3.2519057191255945,5.584092284388067,5.720415584415584,6.368727272727273,1,2,1
417,-576459041955,3.239176633643039,5.636176782114231,5.774025974025974,6.407792207792209,1,2,1
418,-576459041823,3.1603660498507704,5.63523470548024,5.793558441558441,6.368727272727273,1,2,1
419,-576459041667,3.2743224516195246,5.605034953756385,5.735064935064935,6.398025974025972,1,2,1
420,-576459041560,3.220153878870986,5.5908505905854184,5.735064935064935,6.358961038961038,1,2,1
422,-576459041299,3.215377468155786,5.6047376450456605,5.749714285714285,6.368727272727273,1,2,1
423,-576459041169,3.1910519313323604,5.618310788038563,5.769142857142857,6.368727272727273,1,2,1
424,-576459041039,3.2539703593978015,5.599771895124271,5.735064935064935,6.383376623376623,1,2,1
425,-576459040907,3.253282145973732,5.594546069811587,5.730181818181818,6.378493506493506,1,2,1
426,-576459040777,3.2521082079975363,5.6344980673982095,5.769142857142857,6.412675324675325,1,2,1
427,-576459040645,3.2107053325217993,5.618544850012458,5.764259740259739,6.378493506493506,1,2,1
428,-576459040504,3.2107053325217993,5.618544850012458,5.764259740259739,6.378493506493506,1,2,1
429,-576459040300,3.241783908423591,5.606679852991507,5.74483116883117,6.383376623376623,1,2,1
430,-576459040197,3.1978152274377236,5.620139155820477,5.769142857142857,6.3736103896103895,1,2,1
431,-576459040092,3.178793129716131,5.625098199923738,5.778909090909092,6.368727272727273,1,2,1
432,-576459039890,3.2378310881664913,5.6257288695243135,5.764259740259739,6.398025974025972,1,2,1
433,-576459039857,3.2385038609047636,5.630953174999067,5.769142857142857,6.40290909090909,1,2,1
434,-576459039726,3.209271283521672,5.608157892669805,5.754597402597403,6.368727272727273,1,2,1
435,-576459039582,3.2187934394684934,5.63080666873213,5.774025974025974,6.393142857142857,1,2,1
436,-576459039465,3.201866426921468,5.601108913051687,5.749714285714285,6.358961038961038,1,2,1
438,-576459039173,3.280407901618424,5.601553110944187,5.730181818181818,6.398025974025972,1,2,1
439,-576459038968,3.2242578430265407,5.622151778201181,5.764259740259739,6.38825974025974,1,2,1
440,-576459038878,3.2275742864476014,5.5978794288567535,5.739948051948051,6.368727272727273,1,2,1
441,-576459038764,3.177540890098043,5.6146318444978,5.769142857142857,6.358961038961038,1,2,1
442,-576459038661,3.2757299804204827,5.6154775239597425,5.74483116883117,6.407792207792209,1,2,1
443,-576459038456,3.159755481018135,5.630000791778733,5.788675324675324,6.363844155844156,1,2,1
444,-576459038354,3.1794192495251776,5.630330320348724,5.783792207792208,6.3736103896103895,1,2,1
445,-576459038252,3.2385038609047636,5.630953174999067,5.769142857142857,6.40290909090909,1,2,1
446,-576459038149,3.2174789959447683,5.62035203786209,5.764259740259739,6.383376623376623,1,2,1
447,-576459037944,3.231709462846581,5.629169490580849,5.769142857142857,6.398025974025972,1,2,1
448,-576459037867,3.198456898223178,5.625369428318901,5.774025974025974,6.378493506493506,1,2,1
449,-576459037767,3.199098569008629,5.630598997906928,5.778909090909092,6.383376623376623,1,2,1
450,-576459037637,3.2055029008484457,5.576800488503287,5.7252987012987,6.339532467532467,1,2,1
451,-576459015109,4.929245462611925,5.634075545377715,5.5887792207792195,7.382649350649351,1,2,1
452,-576459014905,4.925668943366063,5.605002466426919,5.559584415584416,7.358337662337663,1,2,1
453,-576459014866,4.950884313066943,5.608808863537425,5.564467532467533,7.377766233766233,1,2,1
454,-576459014749,4.999924703190654,5.611268904471218,5.56935064935065,7.411948051948052,1,2,1
455,-576459014619,4.954734117198442,5.61841024082779,5.574233766233766,7.387532467532467,1,2,1
456,-576459014488,4.986144442570415,5.616884536130306,5.574233766233766,7.407064935064934,1,2,1
457,-576459014358,5.050883172615077,5.578929063235462,5.540051948051948,7.42161038961039,1,2,1
458,-576459014225,4.956788665879573,5.603650912245466,5.559584415584416,7.377766233766233,1,2,1
459,-576459014095,5.003712188432685,5.562262817856014,5.5206233766233765,7.377766233766233,1,2,1
460,-576459013967,5.035198579128379,5.599470315855327,5.559584415584416,7.426493506493506,1,2,1
462,-576459013693,5.009772221138543,5.596056949653942,5.554701298701299,7.407064935064934,1,2,1
463,-576459013577,4.943055058188564,5.609156694911043,5.564467532467533,7.372883116883117,1,2,1
464,-576459013446,4.954734117198442,5.61841024082779,5.574233766233766,7.387532467532467,1,2,1
465,-576459013316,4.958718751604128,5.608449741380569,5.564467532467533,7.382649350649351,1,2,1
467,-576459013103,5.001911864307348,5.5964903988003405,5.554701298701299,7.402181818181819,1,2,1
468,-576459012972,5.003873107130024,5.581711916023585,5.540051948051948,7.392415584415585,1,2,1
469,-576459012790,5.003873107130024,5.581711916023585,-1.0,-1.0,1,2,0,1
470,-576459012659,4.980307532467532,5.6025135354406,5.559584415584416,7.392415584415585,1,2,1
471,-576459012528,4.962687835033401,5.5984864259651355,5.554701298701299,7.377766233766233,1,2,1
472,-576459012345,4.952809215132694,5.613609813436461,5.56935064935065,7.382649350649351,1,2,1
473,-576459012227,5.003873051984715,5.601273731522038,5.559584415584416,7.407064935064934,1,2,1
475,-576459011935,5.0058394784661955,5.586494115210271,5.544935064935065,7.3972987012987,1,2,1
476,-576459011854,5.037073223873812,5.565215648687705,5.5255064935064935,7.402181818181819,1,2,1
477,-576459011748,5.039110752601437,5.589448144780286,5.549818181818182,7.42161038961039,1,2,1
478,-576459011617,4.97641625906561,5.592930263223942,5.549818181818182,7.382649350649351,1,2,1
479,-576459011486,4.9881575219811225,5.602111680841336,5.559584415584416,7.3972987012987,1,2,1
480,-576459011356,5.003873107130024,5.581711916023585,5.540051948051948,7.392415584415585,1,2,1
481,-576459011217,4.996028301275234,5.582137275227205,5.540051948051948,7.387532467532467,1,2,1
482,-576459011047,4.9782840857392205,5.6172830041452855,5.574233766233766,7.402181818181819,1,2,1
483,-576459010911,4.984198805869456,5.612094721790062,5.56935064935065,7.402181818181819,1,2,1
485,-576459010702,4.990108342340889,5.606899861396598,5.564467532467533,7.402181818181819,1,2,1
486,-576459010571,4.948814213409403,5.623565885740053,5.579116883116883,7.387532467532467,1,2,1
487,-576459010399,4.954858580155023,5.598851558828661,5.554701298701299,7.372883116883117,1,2,1
488,-576459010297,5.029420548959792,5.585141098135572,5.544935064935065,7.411948051948052,1,2,1
489,-576459010092,4.940974591213418,5.6239103367267544,5.579116883116883,7.382649350649351,1,2,1
490,-576459009989,4.966439094502336,5.627639842166288,5.5840000000000005,7.402181818181819,1,2,1
491,-576459009887,4.892003465941174,5.6403660896983006,5.593662337662338,7.363116883116884,1,2,1
492,-576459009785,4.894211799628944,5.625735554378877,5.579116883116883,7.353454545454546,1,2,1
493,-576459009659,4.980307532467532,5.6025135354406,5.559584415584416,7.392415584415585,1,2,1
494,-576459009477,4.9842558812615945,5.592533756794618,5.549818181818182,7.387532467532467,1,2,1
495,-576459009374,4.974470622364647,5.588137841531682,5.544935064935065,7.377766233766233,1,2,1
496,-576459009264,4.956788665879573,5.603650912245466,5.559584415584416,7.377766233766233,1,2,1
497,-576459009067,5.029218050701414,5.565690118641074,5.5255064935064935,7.3972987012987,1,2,1
498,-576459008965,4.968581820528426,5.59331540298054,5.549818181818182,7.377766233766233,1,2,1
499,-576459008863,4.950884313066943,5.608808863537425,5.564467532467533,7.377766233766233,1,2,1
500,-576459008746,4.943055058188564,5.609156694911043,5.564467532467533,7.372883116883117,1,2,1
501,-576458960236,5.039792709966487,4.719835917113794,4.682181818181818,6.797714285714285,1,2,1
502,-576458960105,5.001553889137401,4.781074696718665,4.740675324675325,6.812363636363637,1,2,1
503,-576458959974,5.0511276998100705,4.743377298395222,4.706493506493507,6.82212987012987,1,2,1
504,-576458959843,5.0182371089779805,4.784875929178707,4.745558441558441,6.8270129870129885,1,2,1
505,-576458959711,5.023862150813612,4.764916204392029,4.726025974025974,6.817246753246752,1,2,1
506,-576458959585,5.043360483401411,4.758640298004231,4.7211428571428575,6.8270129870129885,1,2,1
507,-576458959454,5.021057405383999,4.774896821924632,4.735792207792208,6.82212987012987,1,2,1
508,-576458959322,5.063725607515012,4.722930706521669,4.687064935064935,6.817246753246752,1,2,1
509,-576458959187,4.870790902784395,4.816811462954392,4.769870129870131,6.744103896103895,1,2,1
510,-576458959056,5.008151473596987,4.795329855454912,4.755324675324675,6.8270129870129885,1,2,1
512,-576458958798,5.048881852060981,4.738648175006827,4.701610389610389,6.817246753246752,1,2,1
513,-576458958667,5.007768930606377,4.746419850483871,4.706493506493507,6.792831168831168,1,2,1
514,-576458958537,5.02164222135854,4.7601736867116236,4.7211428571428575,6.812363636363637,1,2,1
515,-576458958380,5.065986895949899,4.727652201069686,4.691948051948052,6.82212987012987,1,2,1
516,-576458958175,4.998152727272729,4.805649922476919,4.764987012987013,6.8270129870129885,1,2,1
517,-576458958073,5.002174990723562,4.766355773491792,4.726025974025974,6.802597402597403,1,2,1
518,-576458957971,5.048369607309688,4.753375867852554,4.716259740259741,6.8270129870129885,1,2,1
519,-576458957867,5.02887645838069,4.7596741025971205,4.7211428571428575,6.817246753246752,1,2,1
520,-576458957751,5.067221794129078,4.761737435499221,4.726025974025974,6.846441558441558,1,2,1
521,-576458957561,5.0795065140393225,4.755864924044542,4.7211428571428575,6.851324675324677,1,2,1
522,-576458957457,4.955385190845292,4.7935717981775685,4.750441558441558,6.787948051948052,1,2,1
523,-576458957252,5.0404221678265255,4.7686453113259715,4.730909090909091,6.8317922077922075,1,2,1
524,-576458957151,5.000906869257224,4.795794751544312,4.755324675324675,6.82212987012987,1,2,1
525,-576458957049,5.034807272727271,4.788628397574301,4.750441558441558,6.8415584415584405,1,2,1
526,-576458956946,5.004379369202226,4.771107288131709,4.730909090909091,6.80748051948052,1,2,1
529,-576458956508,4.953921138105258,4.774089846951433,4.730909090909091,6.7732987012987005,1,2,1
530,-576458956434,4.94602433022652,4.789176822105626,4.745558441558441,6.778181818181817,1,2,1
531,-576458956207,5.00056061187824,4.746886675794182,4.706493506493507,6.787948051948052,1,2,1
532,-576458956127,4.9604254167063875,4.788407277195565,4.745558441558441,6.787948051948052,1,2,1
533,-576458956024,4.964761602440473,4.797948405535267,4.755324675324675,6.797714285714285,1,2,1
535,-576458955781,5.032076999274017,4.735077149317514,4.696831168831169,6.802597402597403,1,2,1
536,-576458955648,5.00056061187824,4.746886675794182,4.706493506493507,6.787948051948052,1,2,1
537,-576458955512,4.984912138567248,4.7772140747677625,4.735792207792208,6.797714285714285,1,2,1
538,-576458955399,5.007768930606377,4.746419850483871,4.706493506493507,6.792831168831168,1,2,1
539,-576458955206,5.00056061187824,4.746886675794182,4.706493506493507,6.787948051948052,1,2,1
540,-576458955103,4.973968001055972,4.753404216277516,4.711376623376624,6.7732987012987005,1,2,1
541,-576458954899,4.978345656060483,4.762930465570576,4.7211428571428575,6.783064935064935,1,2,1
542,-576458954836,5.048881852060981,4.738648175006827,4.701610389610389,6.817246753246752,1,2,1
543,-576458954742,5.02887645838069,4.7596741025971205,4.7211428571428575,6.817246753246752,1,2,1
544,-576458954591,5.027606258992277,4.725601762830572,4.687064935064935,6.792831168831168,1,2,1
545,-576458954385,5.044760474894952,4.71457536718196,4.677298701298701,6.797714285714285,1,2,1
546,-576458954351,5.061899139821218,4.70348131489387,4.667532467532467,6.802597402597403,1,2,1
547,-576458954182,4.96831185726752,4.773294356029056,4.730909090909091,6.783064935064935,1,2,1
548,-576458954079,4.993357476808905,4.747342069454369,4.706493506493507,6.783064935064935,1,2,1
549,-576458953874,5.041125002969926,4.753906851750324,4.716259740259741,6.82212987012987,1,2,1
551,-576458933665,2.5127237082285303,4.846853804678067,5.271999999999999,5.369454545454545,1,2,1
552,-576458933495,2.535316519685848,4.846378804947105,5.262233766233766,5.37922077922078,1,2,1
553,-576458933394,2.4619252974693286,4.839538911274597,5.286649350649351,5.34025974025974,1,2,1
554,-576458933190,2.55906562262131,4.888968518009673,5.291428571428571,5.427948051948053,1,2,1
555,-576458933087,2.5126202556336943,4.841439252912522,5.267116883116883,5.364571428571429,1,2,1
556,-576458932984,2.473138985238365,4.83399262647643,5.276883116883116,5.34025974025974,1,2,1
557,-576458932808,2.4790263556432293,4.852758831921837,5.291428571428571,5.359688311688313,1,2,1
558,-576458932750,2.4618114775568865,4.828703544608096,5.276883116883116,5.3304935064935055,1,2,1
559,-576458932575,2.5302038328921217,4.8708553131083665,5.286649350649351,5.398753246753247,1,2,1
560,-576458932487,2.501148046668181,4.830811050211005,5.262233766233766,5.349922077922077,1,2,1
561,-576458932356,2.552051520969149,4.837844977660982,5.2475844155844165,5.37922077922078,1,2,1
563,-576458932094,2.5125168030388596,4.836023555468932,5.262233766233766,5.359688311688313,1,2,1
564,-576458931964,2.517786389962381,4.811584092080251,5.237818181818182,5.34025974025974,1,2,1
565,-576458931834,2.4783757489715237,4.804106423496071,5.2475844155844165,5.315844155844156,1,2,1
566,-576458931704,2.48417664918932,4.817584580081387,5.2573506493506486,5.3304935064935055,1,2,1
567,-576458931573,2.49000346770113,4.831049632417748,5.267116883116883,5.345142857142857,1,2,1
568,-576458931441,2.5124133504440223,4.83060670845366,5.2573506493506486,5.354805194805194,1,2,1
569,-576458931307,2.495735148826331,4.844445942455332,5.276883116883116,5.359688311688313,1,2,1
573,-576458930782,2.5069281019601526,4.838836592581001,5.267116883116883,5.359688311688313,1,2,1
574,-576458930651,2.5627639766219086,4.82135575189651,5.228155844155845,5.369454545454545,1,2,1
575,-576458930520,2.518317592966039,4.84403610074574,5.267116883116883,5.369454545454545,1,2,1
576,-576458930308,2.4505512471492374,4.828811029581657,5.281766233766234,5.32561038961039,1,2,1
579,-576458929913,2.4169212821283725,4.8397823001848845,5.306077922077923,5.320727272727272,1,2,1
580,-576458929808,2.4617545676006674,4.8232841298568765,5.271999999999999,5.32561038961039,1,2,1
581,-576458929708,2.5070263708961855,4.844251835485411,5.271999999999999,5.364571428571429,1,2,1
582,-576458929609,2.529489811464651,4.83838400420141,5.2573506493506486,5.369454545454545,1,2,1
583,-576458929479,2.518100320458764,4.833204954697796,5.2573506493506486,5.359688311688313,1,2,1
584,-576458929299,2.534819770765655,4.824715853570451,5.2427012987012995,5.359688311688313,1,2,1
586,-576458929064,2.5070263708961855,4.844251835485411,5.271999999999999,5.364571428571429,1,2,1
587,-576458928889,2.4962063795493057,4.866036874672766,5.296311688311688,5.37922077922078,1,2,1
588,-576458928819,2.4899654608519652,4.836411112281594,5.271999999999999,5.349922077922077,1,2,1
589,-576458928688,2.461697657644443,4.817863555579222,5.267116883116883,5.320727272727272,1,2,1
590,-576458928479,2.450271991317548,4.796276336937752,5.252467532467532,5.296311688311688,1,2,1
591,-576458928377,2.5127237082285303,4.846853804678067,5.271999999999999,5.369454545454545,1,2,1
592,-576458928275,2.4843319383721862,4.828423934844769,5.267116883116883,5.34025974025974,1,2,1
593,-576458928069,2.4395918484677384,4.85591949015468,5.310961038961039,5.345142857142857,1,2,1
594,-576458927967,2.444735016536258,4.804459387233536,5.262233766233766,5.301194805194805,1,2,1
595,-576458927865,2.455948594014682,4.804363168450955,5.2573506493506486,5.306077922077923,1,2,1
596,-576458927748,2.4620379065316382,4.8502544899146445,5.296311688311688,5.349922077922077,1,2,1
597,-576458927648,2.4618683875131073,4.8341218037733915,5.281766233766234,5.335376623376623,1,2,1
598,-576458927455,2.501082490631899,4.820029032052106,5.252467532467532,5.34025974025974,1,2,1
599,-576458927353,2.4621017213842067,4.844895996901192,5.291428571428571,5.345142857142857,1,2,1
600,-576458927250,2.4962063795493057,4.866036874672766,5.296311688311688,5.37922077922078,1,2,1
601,-576458911174,2.5247982305572796,3.155870813459988,3.791824923132574,3.940314704286489,1,2,1
602,-576458910969,2.550379902240477,3.173630849347869,3.791824923132574,3.9700669198770115,1,2,1
604,-576458910796,2.524935432420072,3.161154343954671,3.7960752396455053,3.9445650207994216,1,2,1
605,-576458910662,2.513394552856423,3.127130644037254,3.7749140893470794,3.910652920962199,1,2,1
606,-576458910457,2.5423496544960056,3.1475024404344834,3.7749140893470794,3.9445650207994216,1,2,1
607,-576458910405,2.571632977289183,3.167696296721055,3.7749140893470794,3.9785675529028754,1,2,1
608,-576458910273,2.5668533473534594,3.133468360603737,3.749412190269488,3.9488153373123525,1,2,1
609,-576458910143,2.556614971684305,3.1470584341193257,3.7664134563212155,3.953065653825285,1,2,1
610,-576458910007,2.5463176877853875,3.1606075708006385,3.783414722372943,3.9573159703382164,1,2,1
611,-576458909881,2.532522812413314,3.176793919049418,3.8045758726713688,3.9615662868511485,1,2,1
612,-576458909752,2.5461570061884657,3.155325098041783,3.7791644058600102,3.953065653825285,1,2,1
613,-576458909622,2.54289437917217,3.1632967640915495,3.7875746066196414,3.9573159703382164,1,2,1
614,-576458909492,2.538859738782076,3.1502510185244943,3.7791644058600102,3.9445650207994216,1,2,1
615,-576458909362,2.5531329104010094,3.149817250639237,3.7706637728341468,3.953065653825285,1,2,1
616,-576458909231,2.5425064088776113,3.152789875383936,3.7791644058600102,3.9488153373123525,1,2,1
617,-576458909101,2.549317704277915,3.1419954700524877,3.7664134563212155,3.9445650207994216,1,2,1
618,-576458908970,2.549317704277915,3.1419954700524877,3.7664134563212155,3.9445650207994216,1,2,1
619,-576458908809,2.5502152098704656,3.1683564191473756,3.7875746066196414,3.9658166033640807,1,2,1
620,-576458908710,2.5454308953659943,3.1289187648985255,3.757912823295352,3.9319045035268583,1,2,1
621,-576458908581,2.55678743492718,3.1523451111502445,3.7706637728341468,3.9573159703382164,1,2,1
622,-576458908409,2.5463176877853875,3.1606075708006385,3.783414722372943,3.9573159703382164,1,2,1
623,-576458908307,2.5571323614129313,3.162908911294309,3.7791644058600102,3.9658166033640807,1,2,1
624,-576458908102,2.5386314651694164,3.1397235061422784,3.7706637728341468,3.9361548200397904,1,2,1
625,-576458908000,2.5247982305572796,3.155870813459988,3.791824923132574,3.940314704286489,1,2,1
627,-576458907794,2.564108265625475,3.157389867202766,3.7706637728341468,3.9658166033640807,1,2,1
628,-576458907606,2.5215592388348003,3.1691655007400765,3.8045758726713688,3.9488153373123525,1,2,1
629,-576458907538,2.5494823130901554,3.1472857417506335,3.7706637728341468,3.9488153373123525,1,2,1
630,-576458907385,2.5456749613976952,3.139458520842884,3.7664134563212155,3.940314704286489,1,2,1
632,-576458907078,2.5499761395268767,3.1631373822664135,-1.0,-1.0,1,2,0,1
633,-576458906976,2.5494823130901554,3.1472857417506335,3.7706637728341468,3.9488153373123525,1,2,1
634,-576458906852,2.5494823130901554,3.1472857417506335,3.7706637728341468,3.9488153373123525,1,2,1
636,-576458906566,2.553881516042588,3.1708807816906863,3.7875746066196414,3.9700669198770115,1,2,1
637,-576458906464,2.5463176877853875,3.1606075708006385,3.783414722372943,3.9573159703382164,1,2,1
638,-576458906345,2.5496469219023954,3.1525728067955545,3.7749140893470794,3.953065653825285,1,2,1
639,-576458906215,2.5288643606718253,3.1742547281795295,3.8045758726713688,3.9573159703382164,1,2,1
640,-576458906084,2.5393927653700596,3.1660411783790843,3.791824923132574,3.9573159703382164,1,2,1
641,-576458905949,2.521292689539852,3.158604458659414,3.7960752396455053,3.940314704286489,1,2,1
643,-576458905689,2.517601823604939,3.15081835123518,3.791824923132574,3.9319045035268583,1,2,1
644,-576458905557,2.5499761395268767,3.1631373822664135,3.783414722372943,3.9615662868511485,1,2,1
645,-576458905426,2.532377756119887,3.1715201650200946,3.8003255561584375,3.9573159703382164,1,2,1
646,-576458905298,2.532377756119887,3.1715201650200946,-1.0,-1.0,1,2,0,1
647,-576458905206,2.532377756119887,3.1715201650200946,-1.0,-1.0,1,2,0,1
648,-576458905087,2.5395456760941215,3.1713177248345086,3.7960752396455053,3.9615662868511485,1,2,1
649,-576458904957,2.5540501356279184,3.176153455492995,3.791824923132574,3.974317236389944,1,2,1
650,-576458904829,2.553469982456125,3.1603846209596544,3.7791644058600102,3.9615662868511485,1,2,1
653,-576458884579,2.4781260191601837,1.630917167629347,2.726907236713081,2.855657972151402,1,2,1
654,-576458884446,2.4504451551211957,1.647489438130142,2.7590704059619533,2.841929790154932,1,2,1
655,-576458884197,2.473070500741943,1.6632191558544294,2.7498529123357525,2.869484212590704,1,2,1
656,-576458884188,2.5060919209159227,1.6303939956476816,2.7038635026475784,2.8787017062169054,1,2,1
658,-576458883906,2.4812566419927267,1.6511110052937672,2.736124730339282,2.869484212590704,1,2,1
659,-576458883796,2.4589470596583474,1.6593946761565637,2.7590704059619533,2.855657972151402,1,2,1
661,-576458883537,2.48460720275446,1.6790260260026542,2.7498529123357525,2.8879191998431066,1,2,1
662,-576458883391,2.4701978690144584,1.6592462509304648,2.7498529123357525,2.864875465777603,1,2,1
664,-576458883143,2.494025937051361,1.5814061332303098,2.6854285153951754,2.841929790154932,1,2,1
665,-576458883007,2.489754776643165,1.654990847602346,2.7315159835261817,2.8787017062169054,1,2,1
666,-576458882809,2.481716100985943,1.6750869462451579,2.7498529123357525,2.8833104530300058,1,2,1
667,-576458882752,2.4815823896782567,1.66709271056131,2.7452441655226516,2.8787017062169054,1,2,1
668,-576458882604,2.503039501023071,1.6182285556735938,2.6992547558344775,2.869484212590704,1,2,1
669,-576458882400,2.4837191995113312,1.6308252533082268,2.7222984898999805,2.860266718964503,1,2,1
670,-576458882363,2.487015757978469,1.6590616161410967,2.736124730339282,2.8787017062169054,1,2,1
672,-576458882102,2.4731903595188554,1.671227268701487,2.7544616591488524,2.8740929594038045,1,2,1
673,-576458881972,2.498105445700042,1.6508027485783197,2.7222984898999805,2.8833104530300058,1,2,1
674,-576458881797,2.484133891230469,1.6550906292109446,2.736124730339282,2.8740929594038045,1,2,1
675,-576458881709,2.4984280819487146,1.666867544948252,2.7315159835261817,2.892527946656207,1,2,1
677,-576458881421,2.4729506419650304,1.655184315028087,2.7452441655226516,2.864875465777603,1,2,1
678,-576458881321,2.4678829735792145,1.6951776171543769,2.7728966464012546,2.8833104530300058,1,2,1
680,-576458881060,2.4808558028043635,1.6268031266345988,2.7222984898999805,2.855657972151402,1,2,1
683,-576458880669,2.4918808453823234,1.618448827698597,2.7084722494606783,2.860266718964503,1,2,1
684,-576458880538,2.4811230289299386,1.6430362693655012,2.7315159835261817,2.864875465777603,1,2,1
685,-576458880381,2.4815823896782567,1.66709271056131,2.7452441655226516,2.8787017062169054,1,2,1
686,-576458880278,2.4783840102652426,1.647122704781653,2.736124730339282,2.864875465777603,1,2,1
687,-576458880044,2.4833651865592956,1.6063907060700664,2.7084722494606783,2.8465385369680325,1,2,1
688,-576458880007,2.489607311049603,1.6469305677683055,2.726907236713081,2.8740929594038045,1,2,1
689,-576458879886,2.487015757978469,1.6590616161410967,2.736124730339282,2.8787017062169054,1,2,1
691,-576458879622,2.4924891777976033,1.6509119424557581,2.726907236713081,2.8787017062169054,1,2,1
692,-576458879495,2.489607311049603,1.6469305677683055,2.726907236713081,2.8740929594038045,1,2,1
693,-576458879327,2.475515996048016,1.6431256874885796,2.736124730339282,2.860266718964503,1,2,1
694,-576458879234,2.4782550147127127,1.6390339167587942,2.7315159835261817,2.860266718964503,1,2,1
696,-576458878970,2.4783840102652426,1.647122704781653,2.736124730339282,2.864875465777603,1,2,1
697,-576458878809,2.467329854797233,1.6552647950421369,2.7498529123357525,2.860266718964503,1,2,1
698,-576458878620,2.4783840102652426,1.647122704781653,2.736124730339282,2.864875465777603,1,2,1
699,-576458878578,2.4931560317728385,1.6828518696549157,2.7452441655226516,2.897136693469308,1,2,1
700,-576458878451,2.489902242236727,1.6630240051232845,2.736124730339282,2.8833104530300058,1,2,1
701,-576458860333,4.752028330106509,1.5625327053158693,1.513427279978729,4.891740259740259,1,2,1
702,-576458860201,4.738904540179512,1.5712610089616297,1.5217583975892937,4.881974025974026,1,2,1
703,-576458860069,4.738547249047506,1.5879376297651644,1.538420632810423,4.886857142857143,1,2,1
704,-576458859887,4.744599601700476,1.537854252076111,1.488522556057786,4.877090909090909,1,2,1
705,-576458859810,4.748530780374031,1.6043254130977609,1.555082868031552,4.901506493506494,1,2,1
706,-576458859679,4.75722373485986,1.5623450584944238,1.513427279978729,4.896623376623377,1,2,1
707,-576458859548,4.737524616259366,1.5754624950727116,1.5259239563945757,4.881974025974026,1,2,1
708,-576458859419,4.7648815639462585,1.5703746259700018,1.5217583975892937,4.906389610389611,1,2,1
709,-576458859290,4.763792930748575,1.5579129301740013,1.5092617211734467,4.901506493506494,1,2,1
710,-576458859158,4.74512871050578,1.5835912205012799,1.5342550740051406,4.891740259740259,1,2,1
712,-576458858897,4.7585923423364225,1.5581239605612551,1.5092617211734467,4.896623376623377,1,2,1
713,-576458858764,4.71933937672268,1.5841331821646052,1.5342550740051406,4.867428571428571,1,2,1
714,-576458858624,4.7659414314719974,1.5828373559272175,1.5342550740051406,4.911272727272728,1,2,1
715,-576458858503,4.723117733108899,1.5882469287707772,1.538420632810423,4.872311688311688,1,2,1
716,-576458858336,4.74512871050578,1.5835912205012799,1.5342550740051406,4.891740259740259,1,2,1
717,-576458858233,4.767630095342967,1.5619154414145373,1.513427279978729,4.906389610389611,1,2,1
718,-576458858029,4.759675791875303,1.5705878535939943,1.5217583975892937,4.901506493506494,1,2,1
719,-576458857926,4.768712595755872,1.574376101847364,1.5259239563945757,4.911272727272728,1,2,1
720,-576458857808,4.763501640026113,1.5746020669056136,1.5259239563945757,4.906389610389611,1,2,1
721,-576458857720,4.772841051072726,1.561673348664464,1.513427279978729,4.911272727272728,1,2,1
722,-576458857508,4.748429628481693,1.541902268695435,1.4926881148630682,4.881974025974026,1,2,1
723,-576458857413,4.744089577615255,1.5711195645902538,1.5217583975892937,4.886857142857143,1,2,1
724,-576458857311,4.7585923423364225,1.5581239605612551,1.5092617211734467,4.896623376623377,1,2,1
725,-576458857107,4.737524616259366,1.5754624950727116,1.5259239563945757,4.881974025974026,1,2,1
726,-576458857004,4.744089577615255,1.5711195645902538,1.5217583975892937,4.886857142857143,1,2,1
728,-576458856796,4.758295867955157,1.5748099922541923,1.5259239563945757,4.901506493506494,1,2,1
729,-576458856676,4.774987653544194,1.5865919742315324,1.538420632810423,4.921038961038961,1,2,1
730,-576458856547,4.773928735144433,1.5741320358875799,1.5259239563945757,4.916155844155844,1,2,1
731,-576458856390,4.764163647563306,1.6037585889631019,1.555082868031552,4.916155844155844,1,2,1
732,-576458856284,4.734113036104493,1.554798178050826,1.5051847912789154,4.872311688311688,1,2,1
733,-576458856154,4.734113036104493,1.554798178050826,1.5051847912789154,4.872311688311688,1,2,1
735,-576458855878,4.712783723267808,1.588367517817584,1.538420632810423,4.8625454545454545,1,2,1
737,-576458855598,4.775308659064578,1.569893820799147,1.5217583975892937,4.916155844155844,1,2,1
738,-576458855469,4.755851355235436,1.566564753133502,1.5175928387840114,4.896623376623377,1,2,1
739,-576458855264,4.730961066414419,1.5797762375233249,1.5300895151998584,4.877090909090909,1,2,1
740,-576458855160,4.731967199100173,1.5922549259915286,1.5425861916157053,4.881974025974026,1,2,1
741,-576458855059,4.7585923423364225,1.5581239605612551,1.5092617211734467,4.896623376623377,1,2,1
742,-576458854957,4.760730475742238,1.5830526544860228,1.5342550740051406,4.906389610389611,1,2,1
743,-576458854841,4.725388560663783,1.5965433710109167,1.5467517504209873,4.877090909090909,1,2,1
744,-576458854649,4.7492797987098,1.5709602631471529,1.5217583975892937,4.891740259740259,1,2,1
745,-576458854547,4.7361409201913585,1.5796626289519724,1.5300895151998584,4.881974025974026,1,2,1
746,-576458854450,4.749542552043101,1.5543692337436341,1.5051847912789154,4.886857142857143,1,2,1
748,-576458854137,4.730304582793853,1.5507132865798932,1.501019232473633,4.867428571428571,1,2,1
749,-576458854035,4.739938489411235,1.583735162658165,1.5342550740051406,4.886857142857143,1,2,1
