14633,-576460721570,0.854828511577161,3.2500471510362012,-0.026434777920488012,0.06045470078535067
14634,-576460721489,0.9025951857987085,3.2988012851491035,0.011706933312562777,0.22574107876376276
14635,-576460721404,0.9376846055283761,3.294298921402501,0.09872865751266899,0.1052728297511964
14636,-576460721337,0.9167858660024415,3.280944616627619,-7.257285862035112e-4,0.04057130001516765
14637,-576460721254,0.939897520780606,3.273833319962811,0.04733455934251521,0.02975040939658196
14638,-576460721182,0.928139456672922,3.2682848655520127,-0.005404541125050587,0.034378099707408315
14639,-576460721110,0.9599562554869029,3.2592524078052687,0.053887719888834555,0.02927757886968691
14640,-576460721025,0.9667474657551018,3.264935896861987,0.04471749986690793,0.07214592719260171
14641,-576460720936,0.9440965985669333,3.281476517417936,-0.01599528292226089,0.12969632303547332
14642,-576460720871,0.9218479779762533,3.2820344373826305,-0.0659163419142614,0.14223060183774583
14643,-576460720762,0.9327712369004048,3.289439609953757,-0.05460157022323634,0.16775627621327013
14644,-576460720706,0.8993879536453319,3.291402552655645,-0.11205239433100836,0.1818726236645809
14645,-576460720628,0.9226864486748391,3.295840277893525,-0.0818072382596102,0.1976495690081732
14646,-576460720562,0.8921556423807298,3.2995579489660196,-0.1269649906665411,0.21220693367253776
14647,-576460720481,0.9366429307326918,3.301303176457721,-0.07539763384407208,0.22274660996031226
14648,-576460720393,0.901707209100969,3.308346523928435,-0.12329388547663915,0.24158515561354083
14649,-576460720334,0.9361621021721669,3.3104204312278016,-0.0878739372868092,0.24906196490402235
14650,-576460720259,0.9164892053002057,3.3245522191727934,-0.11544756914868713,0.2742181610412006
14651,-576460720177,0.9498774096435894,3.3338245747158854,-0.08596488073428238,0.28995048233940457
14652,-576460719985,0.9868918212504878,3.3706344466978626,-0.06606154959909978,0.33944362330382827
14653,-576460719911,0.8957353500754797,3.3569970557880686,-0.1571390224423799,0.324281377808402
14654,-576460719836,0.9354519284242865,3.363064077345184,-0.12263743028636578,0.32908398842361797
14655,-576460719758,0.8603695122060584,3.355747185837467,-0.19064176286994852,0.32258690413930646
14656,-576460719682,0.9063790775906134,3.355940121768256,-0.15042566127400483,0.31958423065360253
14657,-576460719596,0.8368436032375732,3.3577803309398138,-0.21049705956326498,0.3255133440646649
14658,-576460719531,0.8917165352035062,3.3555123723162774,-0.16313579692437088,0.31761088068926924
14659,-576460719458,0.840261124823678,3.349897526401188,-0.2061107520008504,0.3124929768279665
14660,-576460719366,0.8885872911045058,3.357980007256718,-0.16481752035049496,0.3169628743792926
14661,-576460719293,0.8258775461027222,3.350903702898592,-0.21670734793822044,0.30839719565330453
14662,-576460719215,0.8730766957335638,3.350172215070768,-0.17635732971227758,0.3019339834932876
14663,-576460719142,0.8267486018287254,3.3520802755755925,-0.21507082487824492,0.30637574576574816
14664,-576460719070,0.875627691288907,3.3458860133235424,-0.173399774116785,0.29313437443930634
14665,-576460718988,0.8229532940534527,3.351489477560957,-0.21776605691925627,0.3036563971438742
14666,-576460718897,0.8654890025506129,3.35317427490142,-0.18096484198519286,0.3015116753238021
14667,-576460718813,0.8259429733808645,3.359251604916699,-0.2141565782824271,0.3113269563051184
14668,-576460718729,0.8647894852621887,3.3630149041324184,-0.18091383308754955,0.311139588869871
14669,-576460718665,0.8316172322648229,3.368935482033665,-0.20923722802039418,0.32038683283307634
14670,-576460718581,0.870464800634878,3.3714259873667785,-0.1753871774975146,0.31850891508891177
14671,-576460718507,0.8177022300480384,3.370401804956699,-0.22015092538818185,0.3172159794972671
14672,-576460718418,0.8621028613201414,3.3709863493513192,-0.18159833064953504,0.3118117098106411
14673,-576460718354,0.816226767454902,3.367525450529733,-0.21956335133982785,0.30888910270588116
14674,-576460718281,0.8589698874829365,3.365164316483239,-0.18158569979757988,0.3022982034229004
14675,-576460718204,0.8209661558957496,3.3732449366299857,-0.2142787720204952,0.31468523535351633
14676,-576460718133,0.8730949039515382,3.3668189044189223,-0.16911763441027583,0.30015066769306153
14677,-576460718050,0.8175775074296019,3.3642628313486704,-0.21664704576551014,0.2985503762709191
14678,-576460717974,0.8602085409228781,3.3620049695444925,-0.17880388984568377,0.29155373704918924
14679,-576460717903,0.8102796285311412,3.351962802466001,-0.22029489175856135,0.28078502114036613
14680,-576460717818,0.8370886947435355,3.359715636112041,-0.195851497038365,0.290870611274102
14681,-576460717745,0.7879901965872788,3.3576316294108315,-0.23551071501403556,0.2917467782782171
14682,-576460717654,0.8403668735101868,3.35005995972243,-0.18832497337572865,0.2789782303289702
14683,-576460717581,0.8041158615942413,3.3623876629248817,-0.21979880097146814,0.2997194107177734
14684,-576460717507,0.8344804394343541,3.3648404545046744,-0.19268225792610644,0.3006912946370832
14685,-576460717432,0.7995793959482532,3.3727164847941697,-0.22194862421804853,0.3134309778895799
14686,-576460717343,0.8383455865201297,3.3766177274823406,-0.18650601477468778,0.312336268495349
14687,-576460717268,0.7877485020199467,3.374687913200602,-0.22856570745273416,0.31044530884259
14688,-576460717192,0.8228926136805346,3.376033301959202,-0.19713660900297594,0.3069050445061142
14689,-576460717109,0.7721506388059906,3.3780969907191203,-0.23867874748789875,0.31165075009772364
14690,-576460717045,0.8251249580510263,3.36929506798762,-0.19088892060257048,0.2938713414431757
14691,-576460716963,0.7879198904709264,3.3800627641484917,-0.22239971459491933,0.31116172261594427
14692,-576460716880,0.8299937396608267,3.3795368937442922,-0.18505140535579268,0.3048167614584304
14693,-576460716814,0.7837843974482003,3.374555058669739,-0.223331559119601,0.29970133834623786
14694,-576460716736,0.8300763307711506,3.3727766498069762,-0.1821663694901758,0.29308331910382424
14695,-576460716660,0.7909594771994274,3.3786169717029586,-0.21591424246936586,0.30333636742985676
14696,-576460716587,0.8333214550680147,3.376566450547837,-0.17880459993416406,0.2961540945605182
14697,-576460716514,0.7802098650558714,3.371511529606173,-0.2231655104175353,0.2916057248199161
14698,-576460716429,0.829660266808674,3.366823231186079,-0.17910206976650306,0.2815721495779724
14699,-576460716325,0.780202396097281,3.3716998156854556,-0.22071151192172345,0.29376217908477903
14700,-576460716244,0.8226923732984356,3.3724332494270883,-0.18255916514191367,0.2921393846964598
14701,-576460716179,0.7655928176549547,3.3593447641449465,-0.22986279468518042,0.27467220606016385
14702,-576460716107,0.824951208712347,3.347520828240205,-0.17590220297784193,0.25617089571432217
14703,-576460716033,0.7898063441225538,3.3521132859129503,-0.20678216034413505,0.26878265947651836
14704,-576460715943,0.8234168792205695,3.353598783072285,-0.17780975935140075,0.27106675743150316
14705,-576460715869,0.784748454147874,3.35837210682144,-0.2106994918111159,0.28186088301649115
14706,-576460715792,0.8169986959012688,3.3597359410413628,-0.18185693392634622,0.28183450024025847
14707,-576460715713,0.7772969303359825,3.3634670522024708,-0.21567934698502317,0.2905596799863687
14708,-576460715640,0.8295000447060478,3.35664070447823,-0.16914404875633687,0.27720380993374105
14709,-576460715565,0.8011012176303011,3.3683271582420526,-0.19475390287414207,0.2969782321418439
14710,-576460715490,0.8366300753180358,3.367285079912792,-0.1646473023886313,0.29286364571848633
14711,-576460715404,0.7923702850442854,3.373447540775588,-0.2032016763039929,0.30386304195546543
14712,-576460715334,0.8378851027600753,3.3685851851025,-0.1636433822250745,0.29302157157114245
14713,-576460715264,0.80564949833902,3.3807439223659173,-0.19301592071304421,0.3125168213213391
14714,-576460715187,0.8532643322664385,3.3781538360599472,-0.1526258421527367,0.3034150557975577
14716,-576460715039,0.8500666310841749,3.36516437260512,-0.15471499356174576,0.2837967536822039
14717,-576460714959,0.8148550652267075,3.3731713078188332,-0.18680618083100678,0.2976593006700709
14718,-576460714882,0.8603105169709812,3.370113280170675,-0.14654251524163425,0.286341960195874
14719,-576460714807,0.8111645511664638,3.3650487866417387,-0.18997780002249484,0.2803630926944495
14720,-576460714717,0.8525212268010426,3.364544492910313,-0.15320909228218343,0.27593839780485374
14721,-576460714641,0.808901820838744,3.3637354766941083,-0.19293957082723592,0.2788195306663379
14722,-576460714569,0.8492272008588164,3.3601604510611525,-0.15765913827148506,0.27113603758579347
14723,-576460714495,0.8140655487904636,3.3598875009727585,-0.18953810601831703,0.274688368000144
14724,-576460714419,0.8578466919826029,3.3574897144259546,-0.15122966784561506,0.27030916659307797
14725,-576460714350,0.8182934055215099,3.352246055147713,-0.18664368093783198,0.2666535020242669
14726,-576460714264,0.8682910936546148,3.3486407589150904,-0.14329479328057082,0.2609685112279943
14727,-576460714170,0.8315343264721451,3.3505400278561908,-0.17780064955242003,0.2692229739048012
14728,-576460714111,0.8669459031311402,3.350321938006581,-0.14820716727663993,0.26907854166026
14729,-576460714039,0.830883662953284,3.353710131712413,-0.18128447496043487,0.2783520259657804
14730,-576460713964,0.8709680020058281,3.3512257717635863,-0.1470365552682155,0.2733375972191192
14731,-576460713890,0.8292544121512329,3.347456186842807,-0.18446416359963624,0.27236525953419305
14732,-576460713808,0.8682319966752432,3.346050563710904,-0.15118772826133192,0.2693710124974998
14733,-576460713736,0.8354908463159932,3.3562226569854716,-0.18199997509525342,0.2882396338139489
14734,-576460713655,0.8743125562272358,3.3557756298792447,-0.14869356350659246,0.28502936712479754
14735,-576460713581,0.8215844477719969,3.348985019667199,-0.19525507881559434,0.2794900117435916
14736,-576460713510,0.8546530646957441,3.3488317153838225,-0.16668123518473016,0.277814638638838
14737,-576460713424,0.8109144423032084,3.3537477649252367,-0.20555754564947823,0.2894622006916392
14738,-576460713353,0.845677326047665,3.3532185520146536,-0.17546039489485554,0.2870450428952686
14739,-576460713196,0.8659634886910682,3.3733791284771404,-0.1596356612245513,0.3127580540564963
14740,-576460713110,0.8025591491272733,3.3710293952681023,-0.21352325291199364,0.3136990371534713
14741,-576460713040,0.8542194863494464,3.362316676581119,-0.16807827774875259,0.2977738864800005
14742,-576460712965,0.7984055067210595,3.355906867765099,-0.21383031032468708,0.29382610847957097
14743,-576460712888,0.8274675181501661,3.3595766262063105,-0.18851986831403358,0.2974403770777388
14744,-576460712812,0.7844665665691634,3.362765772036542,-0.223266675715285,0.3061021627611407
14745,-576460712738,0.8338369568381242,3.3562116167926046,-0.18040120634136744,0.29334973478328547
14746,-576460712662,0.7990057211808179,3.3610272255114664,-0.20943362089048173,0.30331929296117555
14747,-576460712578,0.8420766310948058,3.366461392689441,-0.1719006317766149,0.30572069166513327
14748,-576460712476,0.7938032932015803,3.378379859091371,-0.2133321932520279,0.3230469163221033
14749,-576460712405,0.8444455548542507,3.373058787058704,-0.1697637498223124,0.3090547885263328
14750,-576460712321,0.7968087312552042,3.3766501264577404,-0.20954724969292726,0.31583334132399454
14751,-576460712248,0.8425742525044604,3.3740357235012763,-0.1698475751952319,0.3075646684419022
14752,-576460712183,0.8086903656757085,3.3787987989240817,-0.1998274891450847,0.31655227255923907
14753,-576460712088,0.8518891833789599,3.3816798517605102,-0.1636528539793484,0.31397806451177196
14754,-576460712019,0.8119590332141041,3.375626201394385,-0.1971623935959752,0.3063128501792487
14755,-576460711939,0.8519071053392876,3.3814007182288557,-0.16318414236771417,0.3082204862874978
14756,-576460711872,0.8013980383506562,3.374274009501244,-0.2063198856777346,0.2996840241534626
14757,-576460711793,0.8444805533207934,3.3728859449283406,-0.16874564488467086,0.2935629401900674
14758,-576460711704,0.7983856155555072,3.3780694528047435,-0.2082440606220566,0.3033624666447664
14759,-576460711641,0.8413037590137574,3.3729827539092065,-0.1706681058825465,0.29178152555938347
14760,-576460711556,0.7977335939186473,3.3791635019515724,-0.20802446788422332,0.3029767402127094
14761,-576460711476,0.8426273197346559,3.376896484849015,-0.16930588887493378,0.296078389426332
14762,-576460711404,0.7913998609788588,3.370921329380494,-0.21279893503189046,0.29162066087847816
14763,-576460711317,0.8370893316380711,3.3689855015624808,-0.17232319536617052,0.2860572347053933
14764,-576460711248,0.8052175326440183,3.3656148297102524,-0.19909420198954608,0.28404512660196807
14765,-576460711176,0.8500080686915944,3.3659710060140893,-0.16100066457460888,0.28204688058248717
14766,-576460711082,0.7984705266470916,3.368952366178044,-0.20624431680966585,0.29040462607074324
14767,-576460711020,0.8501298878277678,3.3598572104045874,-0.1614340800614194,0.27460088760625545
14768,-576460710944,0.8159861154576884,3.3659635688906153,-0.19220018964455768,0.28750622222876604
14769,-576460710863,0.8582341327351367,3.3623742018583562,-0.1554839989336299,0.2797475515440191
14770,-576460710791,0.8233942306191279,3.3678630485547965,-0.18731922468244266,0.29166514654234815
14771,-576460710715,0.8633224266386804,3.3686823492144544,-0.153433037336821,0.2909226957080935
14772,-576460710648,0.8295380339841871,3.3721079080434793,-0.1841828693103158,0.29831491419031264
14773,-576460710558,0.8633413358434934,3.3768520901997174,-0.15598477870427296,0.3014303277318663
14774,-576460710489,0.8327666453802485,3.3854688238670976,-0.18432431579732872,0.3151053057952648
14775,-576460710407,0.8829144803514054,3.382582253908205,-0.1417741017998092,0.3044062379910806
14776,-576460710333,0.8290432159587886,3.375384493753085,-0.1887113258062964,0.2964979112829534
14777,-576460710262,0.8847032876522514,3.3662066742319725,-0.14168151945347324,0.27843206467990667
14778,-576460710179,0.8504789890914571,3.3737964201866246,-0.17403637173695738,0.29334717799156695
14779,-576460710106,0.8778837084726151,3.378157992822789,-0.15206005236338013,0.2978383502617179
14780,-576460710038,0.8396417343345342,3.379740553909746,-0.18685547746592654,0.3026476203136384
14781,-576460709834,0.7484541219707258,3.403113545020436,-0.26317772501307696,0.32763862191928844
14782,-576460709670,0.6786863976648918,3.4200232317747417,-0.31402579661598184,0.34422036489135843
14783,-576460709557,0.6249291233306955,3.4279565474671614,-0.34870525508655187,0.34870620528381596
14784,-576460709465,0.7907025736356164,3.3934228482768267,-0.21204084460520697,0.30458023610618756
14785,-576460709393,0.7389009485597413,3.3874028685124586,-0.2550546596840948,0.2973199419090191
14786,-576460709325,0.8189812592536148,3.3746290458750146,-0.1948513418016349,0.2871073810228749
14787,-576460709249,0.7715163012508087,3.3752749524643075,-0.2335564763372066,0.29299105635589784
14788,-576460709178,0.8288309019369707,3.3693458955441677,-0.18954935120571662,0.281978661381258
14789,-576460709094,0.7817754706494338,3.3736166088534203,-0.22814331967754184,0.291423653118503
14790,-576460709024,0.8498206886731682,3.3630312716244393,-0.1759917449796667,0.28002664156515045
14791,-576460708934,0.7952300107997389,3.3627842144981135,-0.22146278477817502,0.28323689386265644
14792,-576460708862,0.8451470692847048,3.357837362633718,-0.1813456483754749,0.2765678751762922
14793,-576460708780,0.7988891842041379,3.361512037982499,-0.21865741946079276,0.28895278536290464
14794,-576460708691,0.8462956194504678,3.3533003014613074,-0.17932833944945703,0.27583468339851336
14795,-576460708627,0.7981844130818465,3.3618458599905585,-0.2195290037269833,0.2901853651124512
14796,-576460708545,0.8583797835275233,3.3535415526650567,-0.16617928427485235,0.27413287026446326
14797,-576460708484,0.8080875737021624,3.343669826780144,-0.2074430555900336,0.26273860480854844
14798,-576460708408,0.872421424741339,3.3292691574130497,-0.1466002157052182,0.24016775050319283
14799,-576460708324,0.8459978723330392,3.3409791980159307,-0.16345956299143427,0.2525792596990235
14800,-576460708251,0.8664483031045012,3.3453546139870163,-0.14982750539876816,0.2608660772193864
14801,-576460708179,0.8205489926784721,3.340970314473445,-0.19214350636333777,0.26637472221680053
14802,-576460708098,0.8450000396536973,3.3454062545272736,-0.17899509430721913,0.26858988440170517
14803,-576460708033,0.8128845512870189,3.349731725108545,-0.21202643220187506,0.2867292385890138
14804,-576460707948,0.833407074221483,3.3581545090780267,-0.19850066000325753,0.30722964714146517
14805,-576460707872,0.8018046191403434,3.370793613427722,-0.23440797038827402,0.3096488450781534
14806,-576460707796,0.8425441169065655,3.369529495555977,-0.20204849013791643,0.312037515495419
14807,-576460707720,0.7898137869553921,3.368676150104475,-0.24585024103155612,0.32807649083731144
14808,-576460707650,0.8319935990361967,3.367032812268916,-0.21261541205044548,0.3188201795187044
14809,-576460707562,0.7824372817676939,3.368103148045247,-0.25964375496975994,0.3254586923847572
14810,-576460707501,0.8095177775976855,3.3711966975789927,-0.23544873536876934,0.32757526518248525
14811,-576460707405,0.7525753875764735,3.378226856460384,-0.275364302128649,0.3309269046574649
14812,-576460707341,0.7889426445843096,3.381542042580624,-0.23814880170624106,0.3560928604686556
14813,-576460707263,0.7261721090283282,3.3780061596628084,-0.2868429900709521,0.378826834308481
14814,-576460707186,0.8007354896454746,3.3700031055309556,-0.21999583319997806,0.37670292761469604
14815,-576460707096,0.7334144386555594,3.3668744355125906,-0.26566090698916967,0.352219735935506
14816,-576460707026,0.8002846287341706,3.3567392192590013,-0.20042646356286664,0.30754422308979756
14817,-576460706956,0.7450338281772914,3.34856237894491,-0.24454374258921008,0.29010851640822266
14818,-576460706868,0.7917366277275817,3.346299365836772,-0.18988588242511728,0.2858390251593016
14819,-576460706795,0.7431767009585761,3.342835987355923,-0.2255905818262792,0.28536461843493705
14820,-576460706711,0.8190370369538691,3.32758435456209,-0.15847660729760887,0.2659197124014072
14821,-576460706640,0.7732511188931275,3.3232782186100795,-0.2017508478564391,0.252776917497609
14822,-576460706555,0.8488769692178338,3.3038253690768244,-0.14044461623518711,0.2180051600031651
14823,-576460706478,0.7980059201809596,3.294347613693745,-0.187435883596924,0.2056489709763745
14824,-576460706401,0.8501771447511987,3.2813323153224827,-0.13949326202933396,0.18743806847523015
14825,-576460706313,0.7984533773248201,3.2710038693718473,-0.18455922573526806,0.20402094912723862
14826,-576460706253,0.8581003252502563,3.2536120232154566,-0.13597119205294905,0.19119753321869673
14827,-576460706175,0.8079894662222331,3.242099315043543,-0.18209011363873712,0.19206527795068354
14828,-576460706093,0.856897682476016,3.2309329117322454,-0.14736606905741953,0.1901162399797268
14829,-576460706017,0.815332649708104,3.2250865543375635,-0.1900334559053344,0.18766442745420694
14830,-576460705928,0.8580602320549784,3.21476639611112,-0.1555569678793746,0.16418435818131924
14831,-576460705867,0.8137099971867282,3.2017568583185065,-0.2008054499696169,0.16578202193899483
14832,-576460705791,0.8700598488427214,3.183986912003479,-0.1554119441460456,0.16660874615835375
14833,-576460705713,0.8235668233043336,3.174367614850222,-0.20059659537962732,0.1720040347501402
14834,-576460705633,0.8741448352726501,3.15813770096141,-0.15786805644870427,0.14204832419693714
14835,-576460705553,0.8269652831660461,3.1423957612549667,-0.19622661988744464,0.13349445666584822
14836,-576460705470,0.864348084920746,3.1300644939854747,-0.16749861292850599,0.1184412461939933
14837,-576460705406,0.8148380807590155,3.1102883021142302,-0.21538284269505878,0.08647805576541617
14838,-576460705329,0.857925186148534,3.0902349597972543,-0.18285485718886604,0.05398782542382565
14839,-576460705250,0.8260833160631372,3.0833909979526553,-0.2175045760020496,0.07180299312746079
14840,-576460705176,0.8705312246747703,3.063272444984534,-0.1834072275644443,0.08841083957861642
14841,-576460705094,0.8331316748731751,3.0563782717350327,-0.21095230110542906,0.13259418636322337
14842,-576460705019,0.8571452308498375,3.049570997185871,-0.1885336165192327,0.1564714869387282
14843,-576460704946,0.8099181549804882,3.0421167455574123,-0.24312344182845258,0.15912709510935022
14844,-576460704843,0.8506058451950901,3.028402341230696,-0.2157901194035401,0.1400196682438815
14845,-576460704789,0.8076076077844755,3.0216010721120696,-0.25544506135458206,0.13740419296000092
14846,-576460704724,0.84558170416709,3.0070652854436584,-0.21658076660764627,0.1228546269159679
14847,-576460704633,0.7960225420490765,2.996813684006951,-0.27111753649273734,0.12301019827568158
14848,-576460704568,0.8392946933030262,2.979343538994876,-0.21885421372088476,0.13025399623742095
14849,-576460704487,0.8002025311259809,2.9766162582735203,-0.23988628093298528,0.16702538183528706
14850,-576460704407,0.8579810834512678,2.9560295341646667,-0.19695397631422312,0.14277532543849952
14851,-576460704334,0.7959881051682784,2.9291685583329667,-0.2501059377722793,0.13552498613841307
14852,-576460704258,0.8582244610890691,2.905393919813094,-0.1902464430803566,0.12769526713184953
14853,-576460704177,0.8089731930186439,2.894792372820001,-0.2325014910575602,0.12643231785860815
14854,-576460704117,0.8622794671762596,2.8727796600005377,-0.18998332087344652,0.09119849134709218
14855,-576460704039,0.815546384111548,2.8549142856115672,-0.2372316829598402,0.05544490782304503
14856,-576460703945,0.851472552505471,2.83475058191715,-0.20196691811065504,0.0636478549733381
14857,-576460703869,0.802984015773895,2.8149799042542,-0.245212371093635,0.0680508831555831
14858,-576460703794,0.861606155881891,2.7860187280799713,-0.20122512781375673,0.04898125598189999
14859,-576460703719,0.8184895490582749,2.7692966899014744,-0.24409329179252326,0.05326005615907506
14860,-576460703642,0.8549785186198932,2.749878140319075,-0.1935215278575663,0.057790653421224365
14861,-576460703565,0.8201541032548616,2.736379476496477,-0.2197090872522532,0.06360251896582664
14862,-576460703487,0.8534164498684929,2.718582269504378,-0.19770106498638798,0.055288581404848866
14863,-576460703409,0.8249727900737303,2.713132508674038,-0.22585380839538435,0.05391866280059445
14864,-576460703344,0.8567690038123198,2.6954432576165344,-0.22139160389233445,0.053360581411647436
14865,-576460703260,0.813223225426983,2.6817406451578134,-0.24868746594844096,0.05623557818688426
14866,-576460703185,0.8567327581038617,2.6578012607839816,-0.22580830278691355,0.044133586322037684
14867,-576460703097,0.829556570748527,2.6588057124378746,-0.24068119808886668,0.09677447283722156
14868,-576460703036,0.8765301321201147,2.636846702226935,-0.17608312077135374,0.09244081451402336
14869,-576460702955,0.8383016245985341,2.62812547752422,-0.22016825023843234,0.11967967585930336
14870,-576460702870,0.8971666857508187,2.6021022516423615,-0.16326452027507898,0.10674535533131468
14871,-576460702796,0.8539427893739662,2.5874278604885044,-0.2018721507810488,0.12726830811857143
14872,-576460702709,0.8937588144082054,2.5703764370690285,-0.1827118514925177,0.10413277097699511
14873,-576460702639,0.8457824270803164,2.5516731606306777,-0.2049789809968428,0.1047997859859921
14874,-576460702573,0.8906915916325693,2.531814166845478,-0.1666612880626039,0.10272921448062641
14875,-576460702491,0.8513036969401369,2.522115061631587,-0.2155340189020824,0.11029513702818221
14876,-576460702414,0.9076616035917714,2.496043223400377,-0.16053264976354065,0.09122033945473118
14877,-576460702337,0.8587277792028198,2.4761910130275844,-0.21233544674237018,0.11865615992822534
14878,-576460702263,0.9083629684698376,2.4555751292482646,-0.16910080163327845,0.14073023617146566
14879,-576460702173,0.8605162597571728,2.4449421883065754,-0.21687142408905122,0.17489869024153248
14880,-576460702091,0.9219674447950309,2.4208856856992926,-0.17031678398783884,0.15973831351855444
14881,-576460702018,0.8644233142479898,2.39876958758472,-0.23083426981933264,0.14072016783878405
14882,-576460701942,0.915289828308609,2.3765529018622185,-0.18120522395073108,0.12914827747942376
14883,-576460701870,0.8652026101062326,2.357496179522013,-0.22906725323474966,0.11526876781330292
14884,-576460701795,0.9074624178607729,2.3366098175233683,-0.19452506313739112,0.08991152537291298
14885,-576460701719,0.8556094752954267,2.313882891108444,-0.24612841511750605,0.07578670677685947
14886,-576460701635,0.9107559332866547,2.2832089652234284,-0.19489737695857712,0.05272496258450638
14887,-576460701563,0.8723643930772038,2.2682991039429283,-0.23016422925860966,0.053518776425993383
14888,-576460701498,0.9273494252719275,2.2369044599627976,-0.1641977910908473,0.021422426724362773
14889,-576460701410,0.8853739144408818,2.2161268778141356,-0.1944790724960716,0.015192392077870924
14890,-576460701316,0.9170376481940874,2.193800053194017,-0.16916265943351744,0.041519214279206004
14891,-576460701265,0.8851593876931286,2.179626521278816,-0.2026063836187979,0.06488350359098127
14892,-576460701189,0.9287061838309336,2.15528919718391,-0.15979302178474802,0.0689477441717983
14893,-576460701100,0.8809969337523496,2.135586124611535,-0.21796042298946317,0.08179770539413045
14894,-576460701016,0.9237354620802198,2.112078200735841,-0.1749620219883068,0.07932600299572928
14895,-576460700958,0.8878338553266785,2.1016241260441313,-0.20575275920823177,0.12224939394063677
14896,-576460700898,0.9242958662590491,2.084928969680778,-0.15746718678010924,0.14344416118231168
14897,-576460700813,0.8843149981465325,2.0764967185467915,-0.19528920887520196,0.1645283483560921
14898,-576460700725,0.9502166369887898,2.046655715249459,-0.12795088588155729,0.12712485756072378
14899,-576460700658,0.9177038186659544,2.029868311413826,-0.167538900367895,0.10261575992305753
14900,-576460700585,0.9416036076236592,2.0177638349670697,-0.14701438377711526,0.1041168132157937
14901,-576460700510,0.9075661528108286,2.006718707220074,-0.18180095442209881,0.12411291903236295
14902,-576460700432,0.9614541823544525,1.9785709853592905,-0.13170377376698877,0.08775682096747343
14903,-576460700358,0.9225654343696668,1.9601247909751818,-0.1686543830139155,0.07654548341393294
14905,-576460700202,0.944015902645926,1.9259964621808852,-0.12934844834971682,0.10849166407345895
14906,-576460700139,0.9851315711937514,1.905615461896471,-0.07872160146600435,0.11864832136279588
14907,-576460700058,0.9918026608533776,1.928310352366825,-0.08098522935358178,0.15417008889159292
14908,-576460699985,1.0371097456019818,1.9065758618769817,-0.045402044617751526,0.09374751796869374
14909,-576460699904,0.9824931376553965,1.8691919667624595,-0.11730136075085032,0.002212641472648942
14910,-576460699832,1.0178620271091194,1.8425216356584468,-0.08255221297908383,-0.014300027653740631
14911,-576460699732,0.9383482423219862,1.779974007658161,-0.16264806651307964,-0.05474819153247286
14912,-576460699669,0.9629150738530855,1.7551193137707504,-0.13133753142372565,-0.068036211586685
14913,-576460699597,0.911943484938441,1.7128849585506878,-0.18888297864689865,-0.10596714978319803
14914,-576460699523,0.9274686655728575,1.6895624565746752,-0.16766946407728162,-0.08188101451689461
14915,-576460699432,0.892804242713317,1.6645562828212515,-0.24290100220494737,-0.11396328501826437
14916,-576460699365,0.9017220981292418,1.6434380526468009,-0.21778713992285248,-0.08442121187448075
14917,-576460699286,0.8859263503316862,1.6400822541899014,-0.2283812700014008,-0.043492605153288184
14918,-576460699225,0.8929428090260773,1.625698569905998,-0.21569858574734227,-0.03282337917458126
14919,-576460699136,0.8626901156690421,1.614063291353457,-0.24193518009257461,0.00883935442587216
14920,-576460699062,0.8654958070132365,1.6042486917398135,-0.2310532450585674,0.03284637341623907
14921,-576460698987,0.850433509133268,1.6109059718268408,-0.2419687788505635,0.07106085242215607
14922,-576460698909,0.8470271588850073,1.6089772918575005,-0.23747849915322894,0.10587916727087449
14923,-576460698830,0.8348199313549972,1.6274749894122518,-0.2424177820890262,0.15842968064418092
14924,-576460698757,0.8357138880675867,1.6292307453013792,-0.23425403416714038,0.17973460302489463
14925,-576460698679,0.8136118981223991,1.6386795356105686,-0.2509923665228076,0.21406717405778583
14926,-576460698600,0.8357746357126934,1.6334429856580888,-0.21712736600534982,0.2280223823344715
14927,-576460698523,0.8225891723627131,1.6563818641456312,-0.22602013048495692,0.2735698115063191
14928,-576460698448,0.8476562206396078,1.6496422112823597,-0.19386265475706382,0.272600465931287
14929,-576460698374,0.8153907366487493,1.6653432880816887,-0.22301934557207742,0.3067798280995968
14930,-576460698171,0.751789265400543,1.717337410426749,-0.27523116137314074,0.3902935603261393
14931,-576460698042,0.7000667027001113,1.7451062972046152,-0.31332556769697717,0.420364103559355
14932,-576460697933,0.8196880385869516,1.7145007259014335,-0.17813805547160705,0.38185014030450826
14933,-576460697857,0.788034761679504,1.7246472221122928,-0.20984581051032436,0.3938634994148821
14934,-576460697781,0.8715826023592589,1.7032833042656124,-0.1261094747915813,0.36858961025553516
14935,-576460697702,0.8339610143057385,1.7051475911887708,-0.16793460095646875,0.3743758592994411
14936,-576460697641,0.8787755321855355,1.6997716153142375,-0.12357616596845557,0.3718471534753287
14937,-576460697538,0.8411569865911926,1.7144402223859188,-0.16508580252133281,0.3921477131023549
14938,-576460697484,0.8792082363480442,1.7103623625163804,-0.12638696082459216,0.3886713363135372
14939,-576460697403,0.8366694880579238,1.7103300116375464,-0.17200355340146653,0.38770249856785627
14940,-576460697323,0.8743825413135685,1.7134536824554782,-0.13086428270796163,0.390446565700165
14941,-576460697250,0.836490609917622,1.7141098237655523,-0.172278085306857,0.3903035908874034
14942,-576460697168,0.865487751904722,1.7197382167761759,-0.13923455222411565,0.3954792512020825
14944,-576460697031,0.875700773537066,1.72285060816577,-0.1239740743072769,0.42021621138000503
14945,-576460696946,0.8391787848868261,1.7199356066665275,-0.1646878642922252,0.412549979619118
14946,-576460696868,0.8805162438569373,1.7293224406683296,-0.11278030255684701,0.4150812288486337
14947,-576460696781,0.8457288451593166,1.740411858485485,-0.15500263752229956,0.42295483332313283
14948,-576460696716,0.8983429037833794,1.7311226830565307,-0.09088414350785375,0.3994051505321761
14949,-576460696642,0.8525347915772703,1.7213745126357975,-0.14572693764150457,0.3824627831021436
14950,-576460696562,0.8955607214117038,1.7193619790235888,-0.0944884843235374,0.3747157757599773
14951,-576460696489,0.8632576533115383,1.7235145104879734,-0.13437148864227041,0.3793145332749276
14952,-576460696410,0.8958020409828417,1.7287841928216572,-0.0972908361249573,0.38181347609271177
14953,-576460696339,0.8678239173652864,1.7301809737201708,-0.13153019201465582,0.3836605941751868
14954,-576460696257,0.9085626769062728,1.733929164020047,-0.08609983949017028,0.3832843588195793
14955,-576460696193,0.8695327922537861,1.7272263776272327,-0.13230351986728484,0.37257106156132447
14956,-576460696102,0.9023763375095264,1.7354210704371178,-0.09818274162672486,0.38052478683598856
14957,-576460696037,0.8649620369925418,1.7288795138819941,-0.14155959518152697,0.36987793979721023
14958,-576460695948,0.8979895369442126,1.7356337408806983,-0.1062449910879659,0.37625865116998275
14959,-576460695760,0.9310077513999188,1.776109824270768,-0.07603525350898632,0.42000936967903746
14960,-576460695595,0.9798376959908941,1.7958280600168977,-0.029364390977596744,0.4250916594353453
14961,-576460695475,1.0161490174531418,1.8056045400957272,-0.0030087243531058405,0.4265243140913004
14962,-576460695398,0.9168921650573497,1.7519108082654098,-0.10482740709121377,0.3736225074404943
14963,-576460695323,0.953603524768821,1.7520367322078063,-0.0668987072745171,0.3729261551464389
14964,-576460695248,0.8985103696999991,1.735586666087025,-0.12338339912180318,0.36317457305452117
14965,-576460695169,0.9201404628563847,1.7458034426307731,-0.10256924349446107,0.3717996383821737
14966,-576460695110,0.881988372143469,1.7407909388816134,-0.14339528980177726,0.3737160648127685
14967,-576460695026,0.9209618128857131,1.7430427629734107,-0.10713559718479074,0.3692344472427407
14968,-576460694926,0.8458452098535971,1.7187532597370885,-0.1941661944013082,0.3480741393757256
14969,-576460694857,0.8834538557424181,1.7157929834611565,-0.15255809181233707,0.34766650191753573
14970,-576460694781,0.8312686261381282,1.7020710410789899,-0.20595428965930437,0.33370580579725345
14971,-576460694706,0.8718986682021928,1.696702306548138,-0.15547859818797435,0.32275500471862856
14972,-576460694604,0.8308173188019513,1.694896833478671,-0.19054495322589168,0.3327910165887947
14973,-576460694563,0.8715054702157534,1.685943513008874,-0.15636799168916637,0.3132694717699115
14974,-576460694473,0.8393049029114954,1.6989390424147266,-0.22856049107786214,0.33839784754910973
14975,-576460694402,0.8760602996834499,1.6932586616876282,-0.20652550628658933,0.33866419527657426
14976,-576460694326,0.8467286040805312,1.706609498792538,-0.2525334019374276,0.36855246648569034
14977,-576460694245,0.8761526590739019,1.707835674692057,-0.22880906349801317,0.3613263181458457
14978,-576460694170,0.8744606962423113,1.7549592052106746,-0.23636965556166675,0.42440759867632616
14979,-576460694090,0.9183709617677558,1.7505788327952807,-0.19653919697561736,0.40929313641440407
14980,-576460694016,0.9013952192054435,1.781399795908801,-0.23920946020814163,0.45725677508230295
14981,-576460693945,0.952516348167457,1.7679953010138663,-0.19385769466670089,0.4438330495949268
14982,-576460693871,0.9243890242967094,1.7986335358377048,-0.23824599290636134,0.46593744829920314
14983,-576460693780,0.9736193897855908,1.7956688131868688,-0.18357038490527788,0.43273159374824044
14984,-576460693708,0.9530434961732418,1.8214125531410483,-0.20339776537392906,0.4580952948157357
14985,-576460693631,1.0139982752629484,1.8042125140087286,-0.13402077897348444,0.4190173702912465
14986,-576460693550,0.9869586580960187,1.830488447811239,-0.17600087790968627,0.4395802469042816
14987,-576460693477,1.0421545872262679,1.818038666262797,-0.12032462105846635,0.4225720529681366
14988,-576460693401,1.0225396196899015,1.842060753747949,-0.1499805907437617,0.4289385691663682
14989,-576460693318,1.0865661518893137,1.8181764296618736,-0.08735515531719677,0.38565426173118833
14990,-576460693247,1.0689874954211291,1.8494116939532341,-0.12035772417632369,0.4306056284458742
14991,-576460693165,1.1345291236008168,1.8316638023925438,-0.05555894013098964,0.4087920268322791
14992,-576460693092,1.1060578244539065,1.8395616582386436,-0.10096633321348578,0.42519679292701457
14993,-576460693012,1.1713723945531591,1.823285960234867,-0.04259823676236142,0.41056069020913294
14994,-576460692941,1.1561445284112306,1.846268967309588,-0.07474358841480208,0.44171834986427816
14995,-576460692851,1.2299330348537232,1.8238512525862098,-3.0789094593215716e-4,0.3912068306178619
14996,-576460692782,1.205019353295564,1.8326092288349258,-0.026574759274223463,0.3877798092867956
14997,-576460692708,1.2622903890546888,1.8143767040832832,0.02889521051761275,0.35602233694299235
14998,-576460692630,1.2491103346180263,1.831942806113975,0.0035914191372664085,0.38142471874865236
14999,-576460692556,1.3023588358373301,1.8172841766896601,0.0488884532638222,0.3614064718394223
15000,-576460692480,1.2846322957255327,1.8316582472105527,0.008683047324117836,0.3824642582740967
15001,-576460692404,1.338687131139239,1.8153474493832071,0.0551429127373599,0.35279976863889273
15002,-576460692329,1.3184034253530195,1.8256740852374407,0.03384385700998978,0.356764237895635
15003,-576460692253,1.381348141354005,1.8003130005311119,0.08464736013822378,0.3288954526107232
15004,-576460692169,1.3663980659302652,1.8146978850308901,0.04191149333759479,0.34338810061619807
15005,-576460692105,1.4183241635976287,1.7929741434180806,0.0859440337702784,0.31447974006087825
15006,-576460692002,1.4269255608217584,1.8240817656765889,0.1101927790038972,0.35668882827666926
15007,-576460691929,1.4906588482625671,1.8024918012979707,0.2003276794288015,0.3265986862949671
15008,-576460691846,1.4750734505751122,1.8089424317957006,0.1969266953029425,0.33829196876457246
15009,-576460691769,1.5329124897032005,1.795275110737644,0.2575756062239023,0.31892102760749114
15010,-576460691700,1.5286187239689517,1.805676222020375,0.24976056524674628,0.3411635405620009
15011,-576460691606,1.5865421235709514,1.8033189881722689,0.30805085198221666,0.3348019647037121
15012,-576460691534,1.5485497902965735,1.795108793152705,0.2296274239315408,0.3238505697881441
15013,-576460691462,1.6064907068762802,1.77527771882374,0.24867963460448428,0.29954537111175916
15014,-576460691383,1.5873784351792057,1.7793797935637892,0.2063727689568064,0.31129184863477083
15015,-576460691310,1.6284338009516268,1.7747298172747732,0.22382262031344907,0.31172274052338417
15016,-576460691229,1.6104066077215866,1.7815748424074904,0.16249736714582635,0.3183038499819962
15017,-576460691152,1.652155317210737,1.7760188637644168,0.17331625867080944,0.3330864349286183
15018,-576460691080,1.6120375567610223,1.7736799401922105,0.10539466612539729,0.3118764823794739
15019,-576460691008,1.6442635920064972,1.759543419545054,0.1266092760491211,0.29750633892200956
15020,-576460690929,1.6067191314829927,1.7666961714798328,0.057272123191748306,0.3270967768857731
15021,-576460690866,1.6374926165959804,1.758127666037871,0.07455127676011448,0.31361093253634503
15022,-576460690763,1.618769315047351,1.772649886917459,0.033974950588861574,0.3405279489259578
15023,-576460690704,1.648189890987562,1.770353676890961,0.05039007187833329,0.3367161363215391
15024,-576460690632,1.6065761439848976,1.7726213854663326,-0.013222662133179047,0.3352307409452774
15025,-576460690549,1.6352988742768553,1.768136642259661,0.006087717122063387,0.33508219028201813
15026,-576460690487,1.5939913302474482,1.7675695894568957,-0.05174624817871501,0.3327996595020623
15027,-576460690406,1.6133249487112846,1.770025299391419,-0.03978917327002176,0.3341638865480015
15028,-576460690332,1.5814004022391863,1.780265948711105,-0.08303930633213699,0.35203920571226566
15029,-576460690174,1.5410373247373264,1.814477838803293,-0.13583216999231476,0.39426988666411494
15030,-576460690090,1.58787806718168,1.7939445120244801,-0.09052192456476504,0.37112887489384094
15031,-576460690029,1.5500443738909906,1.79354489492825,-0.1357155552471901,0.36843110456549083
15032,-576460689933,1.5905766635607934,1.7771856119113658,-0.09874720249044766,0.3513574484292047
15033,-576460689868,1.5468971022857523,1.7808802752428772,-0.15013373461924068,0.3583391857016462
15034,-576460689791,1.5761637248870757,1.767076644740523,-0.12271938618920891,0.3428934837637485
15035,-576460689715,1.5425181502047964,1.7770344700623646,-0.1605014863694094,0.35765998068699084
15036,-576460689633,1.5717875438015854,1.7658095607791395,-0.13065850755404526,0.3487888622003898
15037,-576460689554,1.5296732676092277,1.7755104180208494,-0.17757283209392094,0.36155572911481326
15039,-576460689413,1.5389481788820225,1.7910161093863464,-0.1666588215579173,0.38776328286968553
15040,-576460689336,1.5638136473135589,1.7823517331952294,-0.1398392197485047,0.3722743804435137
15041,-576460689174,1.5845091382209666,1.7953629296109916,-0.11801725033675613,0.3842321847026547
15042,-576460689099,1.533630875674452,1.8010876266335338,-0.17481011771206173,0.38756035404288225
15043,-576460689029,1.5562731813396016,1.7900025981738357,-0.14957568161233956,0.3728351902545477
15044,-576460688939,1.5125242791754385,1.812383568674643,-0.19481348495352271,0.4005362853261963
15045,-576460688864,1.548983996800098,1.790981861203653,-0.15326952251625753,0.36728820902078213
15046,-576460688792,1.5082249584924052,1.802100405945545,-0.19506158363291667,0.3819033908665523
15047,-576460688709,1.5410771914262402,1.785680203931209,-0.15694852615993443,0.35991929861708766
15048,-576460688635,1.5010263912369002,1.7970881804755596,-0.1987330531818768,0.37450400661754324
15049,-576460688569,1.5305374371250755,1.7800310971404938,-0.1648544149017689,0.3520475987733126
15050,-576460688490,1.4911575734988243,1.7957464388980446,-0.20469298755803111,0.37578677478096667
15051,-576460688415,1.525881357550801,1.775604218128693,-0.16515536279696616,0.3506863955716734
15052,-576460688339,1.4968244363931098,1.7942280657872458,-0.19433463140187213,0.3770678244147306
15053,-576460688249,1.529031643048583,1.7796012034451858,-0.15665270723853958,0.3589045502418814
15054,-576460688176,1.5032167945229875,1.7995028001924482,-0.18368793992132523,0.38680885623457
15055,-576460688109,1.5361209455485134,1.780715256015881,-0.14693083543659896,0.36176004311869375
15056,-576460688015,1.5025213743356585,1.8048192131900118,-0.18414249279614228,0.3933023816319337
15057,-576460687940,1.530201400537759,1.7930571769733097,-0.1560265625064248,0.3708635909251596
15058,-576460687867,1.4832133169380142,1.7996866536884975,-0.20489382539161685,0.37570978625899437
15059,-576460687803,1.5185105759427047,1.7772010107212168,-0.1622285945143937,0.3410219833787944
15060,-576460687711,1.4890226011991976,1.800954893732866,-0.19420165921184063,0.37827218496313153
15061,-576460687644,1.5157859422953286,1.7875567109821517,-0.16453747334170482,0.36662081973364735
15062,-576460687562,1.483436298331982,1.8078229495052418,-0.19446561741670274,0.3889270718803124
15063,-576460687490,1.5243133878115664,1.7838996100850504,-0.1403577482469983,0.37621729068466714
15064,-576460687417,1.4949373819869167,1.800592297943202,-0.16656553319137227,0.38851070885848055
15065,-576460687332,1.5301472550375363,1.7840718441236338,-0.13076384267740926,0.35664181220511515
15066,-576460687246,1.4927587122090762,1.8012608479909784,-0.17211039800966985,0.3735208578925006
15067,-576460687172,1.5291083128155671,1.7802687749124928,-0.13181534494810176,0.34143103909488765
15069,-576460687020,1.52001482407059,1.7742078742479324,-0.1388381050192044,0.28174467552900856
15070,-576460686930,1.495069424959781,1.7861318069374819,-0.16162300156900242,0.28459809446735784
15071,-576460686873,1.520731475207625,1.7691280956414002,-0.134493915226709,0.23981928180746853
15072,-576460686800,1.4971727386521698,1.7800078204547398,-0.1655727804593721,0.26604200342126033
15073,-576460686717,1.5181002892806683,1.7679304527998936,-0.14848047194191186,0.2650425350144519
15074,-576460686638,1.4909682843695367,1.7820638741320023,-0.17869050657702845,0.28327188510405804
15075,-576460686479,1.4488474461451075,1.8216195447577423,-0.20799149982947535,0.29202135620529973
15076,-576460686396,1.4795122761446733,1.799183234996113,-0.16988553719750832,0.2429479053010994
15077,-576460686319,1.4680008865002145,1.8206360417193523,-0.19314360124060018,0.29716294212594496
15078,-576460686261,1.4860229404078487,1.810550423288766,-0.1645326688574779,0.2682318427442415
15079,-576460686183,1.4790167415409694,1.836988328868652,-0.19527479556623076,0.30258792902480003
15080,-576460686099,1.4721793913316847,1.8522793041675614,-0.20412375647749761,0.28604967840060014
15081,-576460686025,1.4627321320039008,1.8772152598035352,-0.19623649277080296,0.2914028219695261
15082,-576460685950,1.480724285266476,1.8681596771790403,-0.17223386635568994,0.27303619304750976
15083,-576460685875,1.4635859412806456,1.888839998518723,-0.186352586330098,0.33535523246483245
15084,-576460685796,1.4595083478410311,1.906535129885455,-0.17996295515335636,0.36495452317778754
15085,-576460685721,1.46323148059597,1.9456046586729383,-0.16842860817228,0.40795300908899296
15086,-576460685649,1.4798691028741109,1.9422164409028264,-0.1493592481593254,0.3911516563686154
15087,-576460685572,1.4749058915860749,1.991431295103459,-0.1534643153146289,0.4633045613744403
15088,-576460685482,1.483209828637639,2.014542311799554,-0.14346781249605506,0.5290046639421514
15089,-576460685421,1.4606108952615475,2.041237705458263,-0.16858568333431848,0.5523561291395864
15090,-576460685339,1.4787826506668877,2.0545942174269762,-0.15666620078078472,0.5406829441653875
15091,-576460685172,1.4823176100553417,2.1136314186895344,-0.17061442988409276,0.5672057126243906
15092,-576460685089,1.4417727466425156,2.1452896020983325,-0.20378526067802835,0.5608815479406606
15093,-576460685017,1.4585012514444253,2.156276492158424,-0.18279045812320288,0.5477506957652633
15094,-576460684929,1.4330378569454325,2.2018302491454973,-0.22658875848959514,0.6172965705330057
15095,-576460684857,1.4601129306298537,2.208096950401739,-0.19739339315107818,0.6218428067533226
15096,-576460684785,1.448065607330286,2.2551346400682486,-0.20722236263099048,0.6503822068627436
15097,-576460684711,1.479083427772085,2.2619982278075366,-0.1688540424460623,0.5959170849825342
15098,-576460684635,1.4456351746925806,2.29739063430029,-0.23176919604883167,0.6207285640040512
15099,-576460684552,1.46983831778705,2.3113708349648103,-0.20630738790763115,0.606038802350407
15100,-576460684478,1.440145734777691,2.347820399108106,-0.2315287320658766,0.5993385077695217
15101,-576460684406,1.4792688904043143,2.346464353957644,-0.186671239107577,0.603293082369867
15102,-576460684296,1.4337734583086028,2.4023366111358193,-0.18103430266899997,0.7019829724259855
15103,-576460684224,1.480131447694378,2.4035852527386212,-0.1634018314501383,0.6706521446936728
15104,-576460684157,1.4589345417248587,2.443484353959915,-0.2066643652678624,0.7037432002560118
15105,-576460684076,1.496765013528975,2.453731208055249,-0.1821897145552811,0.7136667723163874
15106,-576460683989,1.4661115272422183,2.5105044192908785,-0.21355728683494177,0.7724078922442947
15107,-576460683923,1.5202180342484688,2.50512861509897,-0.15936165842760816,0.6895647808571042
15108,-576460683845,1.4719795825825635,2.537007288688791,-0.19606951818963436,0.6533049668160656
15109,-576460683771,1.534273239563868,2.5183120739480414,-0.1320430757914307,0.5681247773761026
15110,-576460683693,1.5127703288730787,2.5600928899583355,-0.14911808069987673,0.5735112356593528
15111,-576460683618,1.56357431795736,2.548619662655134,-0.09756144060412772,0.5090229248215641
15112,-576460683539,1.535714886282606,2.5731655179871704,-0.13243447579073095,0.4920913538352283
15113,-576460683464,1.5596908972471115,2.5825629824331684,-0.12722187992202866,0.44364076777347095
15114,-576460683387,1.5135149542732023,2.5982078614728934,-0.20040531089799096,0.4122871313785117
15115,-576460683311,1.5361417663561205,2.596883188234957,-0.18099618911453136,0.3869143270447408
15116,-576460683237,1.5377790091478807,2.627074899641471,-0.18307686271915344,0.4171880371468348
15117,-576460683165,1.5493905010462277,2.635920427007942,-0.18388638854843825,0.4019246408161343
15118,-576460683057,1.5393633267560487,2.6933115277085755,-0.18251143577533832,0.451235122680948
15119,-576460682993,1.5419595657760015,2.710552948914339,-0.1835820001138088,0.4647114515379856
15120,-576460682904,1.5507187145332495,2.768334048027515,-0.16005906871679174,0.5539719863898134
15121,-576460682837,1.552615078894686,2.7960369719464238,-0.15365800121705542,0.5888585192720853
15122,-576460682759,1.5683006002539441,2.8608368843851744,-0.13585896638248793,0.6688660956139972
15123,-576460682685,1.5923580638463832,2.882397011057657,-0.11850957309217207,0.6591707651250671
15124,-576460682597,1.5712344994382466,2.9358589243411406,-0.14740229378352274,0.6781603851148895
15125,-576460682523,1.5919505739158846,2.961826105689498,-0.1379296137501573,0.6980828154060019
15126,-576460682284,1.5339921135060073,3.1354148463657787,-0.22524368940198955,0.8200230247933549
15127,-576460682221,1.5904588456685262,3.129824358664527,-0.18955711247767212,0.7721651948904957
15128,-576460682141,1.5376217693510958,3.1742281814146134,-0.2357228515706679,0.7718928556320699
15129,-576460682066,1.595676112546106,3.174488678711134,-0.17167887319022043,0.7185362855191549
15130,-576460681993,1.576925453591866,3.2250497560965963,-0.188631637823895,0.7342948167191792
15131,-576460681903,1.6294241137404237,3.240919377605341,-0.1417716653905892,0.7242794559810167
15132,-576460681810,1.576076885828378,3.2756360154453703,-0.19762799380333618,0.7287270264074267
15133,-576460681749,1.633527174086952,3.281388641064789,-0.1600620289793328,0.6861118474879285
15134,-576460681673,1.6735004781206795,3.3600355330192864,-0.1340959805258663,0.786613081258746
15135,-576460681594,1.7224606323606217,3.373188494725424,-0.1011835719220546,0.817535376888835
15136,-576460681522,1.588029434600608,3.3868588198743628,-0.22444048365920705,0.8414587314180372
15137,-576460681448,1.6436653374747703,3.400195217106105,-0.16879122579172798,0.8359335505879703
15138,-576460681372,1.6526852033352355,3.47415069901376,-0.15757834157152753,0.8856057039249023
15139,-576460681281,1.7225547408211024,3.4902060559671604,-0.13398119288986077,0.8928705712110191
15140,-576460681205,1.7125880838789185,3.5616979262169424,-0.15437665458378186,0.9903533118714442
15141,-576460681132,1.803979491510413,3.5539164426723664,-0.09307056638418475,0.9274083931295451
15142,-576460681054,1.7476093192823483,3.607239481735118,-0.148048889857974,0.92256845921191
15143,-576460680979,1.8470824547910683,3.5786117656325933,-0.08359910938162742,0.8143964619222629
15144,-576460680907,1.6612216260269872,3.578670540010057,-0.24390321049145516,0.8014770967958698
15145,-576460680831,1.7611627655993356,3.5516367073474227,-0.16409288926966512,0.695296802434069
15146,-576460680747,1.5953388673553803,3.545767552991292,-0.3111829822832459,0.6385913623767515
15147,-576460680667,1.684770062871453,3.513435868107104,-0.23472792816456095,0.5855697717508241
15148,-576460680602,1.6248677043778825,3.541268035505101,-0.28733884816157057,0.5783597096706582
15149,-576460680526,1.7077754373898437,3.5061483195309826,-0.2207051322543631,0.5172878588400465
15150,-576460680434,1.5250268191084804,3.490047060168768,-0.3728042920808841,0.43482130371278427
15151,-576460680358,1.602355442770914,3.451458318158069,-0.3071084574842977,0.366087333847554
15152,-576460680278,1.473798667972949,3.4305133062388795,-0.41199624486427305,0.32533019098183574
15153,-576460680198,1.5286468333327623,3.39877901190909,-0.3592340642069044,0.277902454389866
15154,-576460680135,1.4252571952769035,3.383372281751386,-0.4399867511127145,0.2483029570712317
15155,-576460680070,1.455324729170606,3.3629302738752456,-0.4041766048684087,0.23092969102190344
15156,-576460679986,1.383801836316874,3.3648895344941074,-0.4519636107753037,0.2372571760084757
15157,-576460679918,1.4237553754071242,3.33719309547874,-0.40679696459619924,0.20453118306305054
15158,-576460679831,1.3649452159617834,3.344585893380952,-0.44086887885862786,0.2304595889269403
15159,-576460679758,1.3969482529428079,3.32200453383297,-0.40164421336666933,0.2092470640582941
15160,-576460679682,1.3513022708909104,3.3312486646888066,-0.4277072987227426,0.23008162871305327
15161,-576460679607,1.3798515903691315,3.3117598531813326,-0.3927583155814518,0.21585107852775373
15162,-576460679523,1.3540494174955608,3.335806236198582,-0.40103822376315285,0.26218824500517124
15163,-576460679449,1.3844861452032828,3.318196077378804,-0.365727319493409,0.24203841371703277
15164,-576460679385,1.3429043991442415,3.3257589807131467,-0.3928158509267337,0.26036323123434846
15165,-576460679295,1.3652783246810785,3.314706826873737,-0.36098499211849316,0.2517436008190679
15166,-576460679213,1.3164570988586524,3.326839681501962,-0.39126216656933055,0.27422556408956883
15167,-576460679135,1.3525762054253316,3.308389644806619,-0.35116228173623687,0.254808640135058
15168,-576460679068,1.3196809715921647,3.3212666780089832,-0.36855576483393654,0.2795711368308015
15169,-576460678987,1.3421018232053772,3.3125968837099706,-0.3414425569919286,0.26899374646098917
15170,-576460678914,1.3049126282565253,3.327124578963551,-0.36341477251297805,0.29474822883955004
15171,-576460678834,1.334920062618161,3.3155433008689132,-0.3290904347961376,0.28126158926595535
15172,-576460678767,1.3190740721792684,3.3338773459516577,-0.33691495691639106,0.31004272497244834
15173,-576460678684,1.348076243363552,3.3264375779173405,-0.30414207713962654,0.29977758872727933
15174,-576460678599,1.3176879753206707,3.3506637651049336,-0.3234751402554746,0.3351323591468182
15175,-576460678523,1.3623137783309944,3.3334330598126334,-0.2797611501086953,0.30788012284615196
15176,-576460678457,1.2981728058177646,3.3256015476474357,-0.3300802731512791,0.29696771324764787
15177,-576460678374,1.3246623799598516,3.319581139840821,-0.3000293082971551,0.2905602556693597
15178,-576460678302,1.3331011701619806,3.3584524884715754,-0.28728201910318896,0.3482955379081757
15179,-576460678204,1.3684788977422617,3.3528125548418006,-0.2522173351073687,0.3360185224980291
15180,-576460678145,1.399966432433382,3.39730659007258,-0.22393417360932236,0.3993378216209073
15181,-576460678071,1.4501024480120546,3.3800991967619702,-0.18228916889120403,0.36859041233701934
15182,-576460677972,1.3786198829713374,3.391467389456995,-0.2438188654698968,0.3744754693101314
15183,-576460677905,1.43531682599882,3.3721904572798214,-0.19586359837606987,0.3409551973239525
15184,-576460677841,1.335029642292025,3.3506131184880226,-0.2806700361744615,0.3054898540004875
15185,-576460677678,1.2464400950642347,3.373416512062744,-0.34609801950026936,0.334474119439096
15186,-576460677602,1.3374889560586396,3.332852620754215,-0.2650116524720957,0.2823961871726697
15187,-576460677525,1.263623873871886,3.3234047328540424,-0.3226934338586922,0.27172243357735626
15188,-576460677447,1.3128145851457018,3.3016055644578506,-0.27869150911443347,0.2534388831917511
15189,-576460677362,1.2976031765672176,3.336119074210657,-0.27738277641438364,0.3167680906314628
15190,-576460677296,1.3567085054394352,3.311965270948996,-0.21418485602455317,0.2775220452731396
15191,-576460677220,1.361986970130323,3.345012829454066,-0.1842446738185318,0.32705875869975015
15192,-576460677145,1.4076525233570207,3.333053838081646,-0.12355062918338655,0.2968638982342118
15193,-576460677060,1.436689291068388,3.3797909042962813,-0.08739371606487426,0.36478628550572706
15194,-576460676980,1.4917403878683513,3.36152302423523,-0.02782081284808366,0.3408261799121718
15196,-576460676832,1.5356365440490147,3.3805447954666863,0.05898992172252061,0.37958694086040606
15197,-576460676735,1.5087385057609117,3.4036854739987317,0.06094788962701658,0.4109915419526629
15198,-576460676467,1.6217472418939476,3.44167606233711,0.1258341291529934,0.42583939873514076
15199,-576460676390,1.5259373274584656,3.4198657004664184,0.027096505584234473,0.3819802021537263
15200,-576460676317,1.589357152256381,3.406100578990054,0.048939281230223224,0.34983154064598243
15201,-576460676242,1.4803229657056851,3.3832721863107094,-0.06379605669934849,0.3041720492321554
15202,-576460676165,1.5295408821537555,3.3704325556619197,-0.04460187505335559,0.2876441608481698
15203,-576460676091,1.452660330136594,3.359228464469932,-0.11507652527933086,0.2664550621915466
15204,-576460676016,1.4754104576778697,3.360397446940634,-0.08283665731267974,0.28286228844957934
15205,-576460675939,1.4120484655631025,3.3565086000216366,-0.13384379416248837,0.28110655244027943
15206,-576460675863,1.4273503297904744,3.3635011571677356,-0.12053170923438966,0.29632879786986444
15207,-576460675757,1.3518826076233021,3.3549593539377063,-0.18932202184132998,0.29539300034716287
15208,-576460675705,1.3539449596890307,3.3699644530968764,-0.1727904298022834,0.30765803853155316
15209,-576460675641,1.2791001815084353,3.3567671062553806,-0.2343624678159038,0.26557250857170833
15210,-576460675556,1.2785940505487619,3.3689861327512696,-0.24046859088230013,0.2777711237612014
15211,-576460675482,1.1966499076653647,3.3546543481644027,-0.3227749516275846,0.2573449531306933
15212,-576460675408,1.1912576959225267,3.3633604160749577,-0.3423291044910063,0.268765381876921
15213,-576460675321,1.1061447814110599,3.3571129527746297,-0.43487591694632044,0.2406878909739007
15214,-576460675236,1.0963148754438397,3.3658333563553144,-0.4891247853088811,0.30566269832326753
15215,-576460675173,1.009686460548684,3.3507513365638064,-0.576882667046186,0.262953384649556
15216,-576460675099,1.011548534946093,3.3489672259753256,-0.5827872907819827,0.26060796832989563
15217,-576460675021,0.944225142533442,3.353436355007126,-0.6384704042676741,0.2604205950573974
15218,-576460674938,0.9241495661944876,3.3600008091849145,-0.6437504803291677,0.27427468158892954
15219,-576460674871,0.8467943364700495,3.3541190172633586,-0.6950898670262502,0.26746734023218516
15220,-576460674787,0.8399309019350543,3.3548442780653676,-0.6795841786127415,0.26503917135155314
15221,-576460674707,0.7621377096594948,3.3577335847743766,-0.7424837132566232,0.28500444750728865
15222,-576460674635,0.7822558635039307,3.3490607982423524,-0.7420743154682505,0.2933927084296623
15223,-576460674563,0.7092242084648698,3.3582267134494956,-0.7916363899404112,0.2944506795075972
15224,-576460674477,0.7263577942482389,3.3502859551076165,-0.7590648383260169,0.27902001438037466
15225,-576460674402,0.6671194933153768,3.3617447609643527,-0.7736744883295229,0.2984824674677986
15226,-576460674314,0.6983646044846678,3.3507066136386214,-0.692699857662022,0.26640080866030336
15227,-576460674251,0.6323517536650465,3.3500993549011824,-0.724525752462259,0.26943008381544464
15228,-576460674175,0.6805068726542092,3.332530818129694,-0.6468566479522491,0.2330414586053319
15229,-576460674088,0.6270903849700544,3.35801161807889,-0.6607223285554421,0.2749934344502955
15230,-576460674024,0.6838282530579752,3.3385079484199105,-0.5861299442522522,0.23453411927754705
15231,-576460673940,0.6160095735813805,3.3451004005314733,-0.611397478919797,0.2510456097298459
15232,-576460673867,0.6664321306668124,3.3284834543596418,-0.5398219048961088,0.22486494689642356
15233,-576460673790,0.6157369313417248,3.347591390072354,-0.5565847519727438,0.26252575539308637
15234,-576460673714,0.6649594078550981,3.3336149707354927,-0.49126270079154194,0.23645138503323473
15235,-576460673632,0.6114090034693774,3.3437223687826987,-0.5161109568787015,0.26602797815317086
15236,-576460673559,0.6559889707178735,3.333147461640134,-0.457076898551783,0.24874807821389563
15237,-576460673476,0.6011275188634407,3.3405158207419907,-0.48579621603946094,0.26427092364562776
15238,-576460673403,0.6488863811309241,3.329993187764302,-0.423924702007135,0.2484628660014598
15239,-576460673329,0.6230271589838701,3.3471059201271283,-0.43523383466849525,0.27875587096553905
