13971,-576460011784,0.6370496202715812,3.3674686304499657,-0.30440620192183626,0.4968411439956232
13972,-576460011703,0.999731049105169,3.332126629504817,-0.08080442622072892,0.483323599318011
13973,-576460011608,0.886907667412862,3.3452181143543225,-0.16416631960265715,0.487754465978088
13974,-576460011544,0.9502683426301588,3.3575183687136123,-0.12570032761842678,0.4850879436298722
13975,-576460011456,0.8684640050804571,3.365129882109845,-0.1880359792047059,0.47112579725679127
13976,-576460011402,0.9418571446440922,3.3626325010012215,-0.13403212963994177,0.4409251601044988
13977,-576460011318,0.8648629620536216,3.3620141726936357,-0.19513257701300915,0.4145017060970743
13978,-576460011238,0.9098224369581811,3.3707063207278924,-0.15820684768557491,0.3997104399739254
13979,-576460011162,0.8370801581082354,3.3621106266514014,-0.21855704152887787,0.3671310421858758
13980,-576460011088,0.8812139816611915,3.3642320032843873,-0.1770615131948871,0.3504402184292579
13982,-576460010934,0.8895501238595614,3.357633081117988,-0.16304034423874836,0.31415034817733883
13983,-576460010842,0.8279409510792234,3.355405480605904,-0.21870470017856622,0.30599074789898895
13985,-576460010690,0.8452422823053537,3.3578434560219477,-0.19861397761151012,0.3012959276612862
13986,-576460010609,0.8810518046569156,3.360606696032672,-0.16266016817011747,0.29918345732379553
13987,-576460010546,0.8467939847377326,3.3644400642666557,-0.19445712592209946,0.3057501674511158
13988,-576460010459,0.8875568957220081,3.3671159356577225,-0.1543925592651677,0.3044640432884269
13989,-576460010393,0.8483755575822235,3.3692637421754466,-0.19120214087375914,0.30778620767008064
13990,-576460010305,0.9013237854966972,3.3676056678666444,-0.14093265154691106,0.2998228894208247
13991,-576460010230,0.8571490072052235,3.3651137159215847,-0.18263452283304382,0.2981333246264053
13992,-576460010142,0.9009209813027705,3.3693289879847352,-0.142035081269374,0.3004465262630565
13993,-576460010077,0.8513516897624382,3.3628297044052706,-0.18723118967937108,0.2937133892936544
13994,-576460010001,0.8960415757881653,3.361824359723227,-0.14609373446550825,0.2889226962812354
13995,-576460009922,0.8550224251450508,3.3661393897745686,-0.18443654913288016,0.29802086830634367
13996,-576460009844,0.8965612525033383,3.3665800738300584,-0.14713131966034215,0.29534265616534344
13997,-576460009764,0.8449482218499705,3.3630192226585045,-0.19378708705955555,0.2925793523925629
13998,-576460009666,0.8878589801579894,3.366748797410159,-0.15617447606765245,0.29484977280725116
13999,-576460009583,0.8368838414393498,3.3694627075487222,-0.20122101039572804,0.3021726152239012
14000,-576460009517,0.8825504413933067,3.365202293476584,-0.161353046203211,0.2936900648831632
14001,-576460009435,0.8352223309057942,3.367586519805336,-0.2026489172031698,0.30012352934636527
14002,-576460009359,0.8863086600077487,3.3626813361308727,-0.1579396153904474,0.29013412115605597
14003,-576460009298,0.8550131108343574,3.36798801532262,-0.1852177163738989,0.3003179214906349
14004,-576460009213,0.8892761737065777,3.3725817298364755,-0.1565094275605403,0.3049034302513603
14005,-576460009142,0.849812905799799,3.371193568395786,-0.19071547873834122,0.30511649932871904
14006,-576460009066,0.8861929832069521,3.3766558801881312,-0.16049808726961878,0.30964579256706704
14007,-576460008983,0.8402610578205241,3.3814396002846983,-0.20010412498563446,0.3177780713826636
14008,-576460008910,0.8771346910256501,3.3824046214654917,-0.16887963188208283,0.31343052642847974
14009,-576460008830,0.836603304365154,3.3905066556801446,-0.20357083789264027,0.3252587989826221
14010,-576460008739,0.8906245759529984,3.388236075292849,-0.156706905144401,0.31480556351419403
14011,-576460008679,0.846348381407336,3.385249736495319,-0.19426759689666043,0.31155670836826066
14012,-576460008601,0.8827169875370269,3.386529434116369,-0.16322791468084913,0.3094750055837903
14013,-576460008520,0.8370598157705447,3.391831511154551,-0.20278874185743806,0.3178857311834199
14014,-576460008435,0.8822313034186413,3.3890409847230587,-0.16429482977289434,0.30873257239522506
14015,-576460008365,0.8417590296480888,3.395845534179802,-0.1996696876599779,0.31854952357409183
14016,-576460008288,0.8959388991321668,3.390336175008157,-0.15296499885169607,0.30462576021847265
14017,-576460008216,0.8321501865359829,3.3768607669864505,-0.20673541551364893,0.28819772513233444
14018,-576460008131,0.8735518397875719,3.3758560694089867,-0.17091778300677768,0.28537479995740267
14019,-576460008064,0.8301107220180246,3.3748128842417917,-0.20784691833217048,0.2873051594892546
14020,-576460007993,0.8762602819200259,3.3663694801289066,-0.16790149410138053,0.2732843986253984
14021,-576460007899,0.8281310164093977,3.3761750118358616,-0.20943084150656557,0.29189625176102235
14022,-576460007837,0.8710191543131875,3.370312825171028,-0.17191683789000592,0.28206433656110286
14023,-576460007746,0.831642030129766,3.367718154761758,-0.2054404987169668,0.281349830403683
14024,-576460007683,0.8598486197116189,3.3743454319401107,-0.18026303680208108,0.2903808829066774
14026,-576460007524,0.8807712395529258,3.3663038031831443,-0.16038679095635416,0.27799366085832644
14027,-576460007446,0.833613277513483,3.3648882346687623,-0.20120678408857215,0.28036875284123647
14028,-576460007370,0.8775739398148322,3.3602978807493753,-0.16321047833918795,0.27385102408991735
14029,-576460007291,0.8307792485845329,3.3594522969602534,-0.20354384938280667,0.2782567253420824
14030,-576460007210,0.864869807989828,3.359614335049733,-0.17407686171248782,0.27904410254278994
14031,-576460007014,0.8888661720363686,3.3851278917245544,-0.15422917799553934,0.31160860828137854
14032,-576460006858,0.9111471537899177,3.397584554593309,-0.13679377044891716,0.3203420616607686
14033,-576460006739,0.9327437813619719,3.395046627589999,-0.12031348479408129,0.3120494882894355
14034,-576460006665,0.8410759279036636,3.3682820902698203,-0.19238783522471486,0.2891797678922825
14035,-576460006581,0.864164054408354,3.372734919299304,-0.17149680402922568,0.29409523673140603
14036,-576460006505,0.8125713657905351,3.3719710580485067,-0.21137437974466944,0.3019796623944959
14037,-576460006434,0.8606212312454579,3.362133028685675,-0.168957209116197,0.28430360407625127
14038,-576460006349,0.7928393537837057,3.3631686098173064,-0.22232485697467397,0.29570675960011034
14039,-576460006284,0.8378834961709667,3.359018674690103,-0.1824637965753334,0.28466887046269845
14040,-576460006202,0.7944461187372892,3.3653216664873735,-0.21748060970675973,0.2998257590056281
14041,-576460006132,0.8416140833146224,3.3616103134362425,-0.1761257326317521,0.2890314364642314
14042,-576460006052,0.8030286169675181,3.3696525436713003,-0.207942043671097,0.3046543814934961
14043,-576460005964,0.8317756313624929,3.377619352991942,-0.18322531055827881,0.3109705024048646
14044,-576460005870,0.7809671785392385,3.3752498215172144,-0.22478080230554487,0.31020797454932575
14045,-576460005827,0.8308760035384644,3.3691662743950324,-0.18196927562527462,0.2964892264215901
14046,-576460005737,0.7897510576337381,3.3806007142064622,-0.21701452401641588,0.31591556146878436
14047,-576460005664,0.839730564430184,3.376584417803936,-0.17427618646229465,0.3036128605664028
14048,-576460005590,0.7890488614132228,3.373198615464868,-0.21689462984587637,0.30223466751668543
14049,-576460005427,0.7249881365427912,3.40307379354338,-0.2664742613960035,0.3432823373405616
14050,-576460005351,0.8074330023101703,3.388971804861329,-0.19620348764105314,0.31624743712270525
14052,-576460005192,0.8415952719556017,3.3753057154717716,-0.16862421915849293,0.2951163811797509
14053,-576460005117,0.7973457789856545,3.3759971679086918,-0.20636068205775782,0.30007772583502745
14054,-576460005039,0.8521407685797695,3.3711394387692284,-0.16333643848102974,0.2920926050088453
14055,-576460004973,0.8065151069104841,3.3673506271633147,-0.20117523877717206,0.2916065912186502
14056,-576460004891,0.851395884056094,3.366999528357381,-0.16573714060747186,0.2903844844419999
14057,-576460004812,0.8103471681400342,3.366393118397924,-0.20069833233757006,0.29259186714667496
14058,-576460004622,0.7343160715870338,3.3983039852845938,-0.2605695815327883,0.33462867076725666
14059,-576460004354,0.6315643499502649,3.457284078505362,-0.3296021087351838,0.39569992699743467
14060,-576460004280,0.8121345497723174,3.412058344584793,-0.18634762590800716,0.32952264494301
14061,-576460004200,0.7591137821511635,3.40901417484463,-0.22946486779835054,0.32679903259100535
14062,-576460004112,0.8539404697129221,3.3940099879265997,-0.15725871073097786,0.3077770711515354
14063,-576460004052,0.799242653715827,3.3831254279982073,-0.20239870194040832,0.29774876097731
14064,-576460003972,0.8731638861330511,3.3723030601797217,-0.14768590381631821,0.28547883475713864
14065,-576460003900,0.8165544046412677,3.3645923396020256,-0.19402645915008376,0.27965919063040967
14066,-576460003817,0.8618265488503664,3.3645469661255563,-0.15939797129286992,0.28245651793312104
14067,-576460003745,0.8134155956902903,3.3618613130196087,-0.1993201654095311,0.2846177836845101
14068,-576460003656,0.8623768525772983,3.3604423504652807,-0.1609954499160174,0.282409350222307
14069,-576460003580,0.811502555237379,3.357472492695172,-0.2029574671278802,0.2833009866435021
14070,-576460003492,0.846659574660371,3.3609153999680146,-0.17396377008750347,0.2883442433742792
14071,-576460003429,0.8018498646234663,3.3576955696526736,-0.20976066103827862,0.288111662068255
14072,-576460003353,0.8372425323127735,3.3588099202147794,-0.17996986739552068,0.28824269181463974
14073,-576460003274,0.7937503662739396,3.3621565494160244,-0.21544908453534334,0.296498686897147
14074,-576460003198,0.8226098940420636,3.3664243676182464,-0.19006679761801767,0.3008293739035961
14075,-576460003123,0.7813436123910338,3.3666033857146083,-0.22296393940813883,0.3026718628893244
14076,-576460003049,0.8308445125220718,3.363816453854263,-0.178439155565616,0.29356411659346354
14077,-576460002964,0.7859392811670707,3.3694015813081015,-0.2159160503726219,0.30411405624089416
14078,-576460002898,0.8274237066663076,3.363085497229013,-0.17891319611896045,0.2912762641463837
14079,-576460002819,0.7683603051355538,3.3611070136356553,-0.2273773234914181,0.2909751973234986
14080,-576460002732,0.8155699606451865,3.358058657918595,-0.18264511118326646,0.2832098232952478
14081,-576460002671,0.7942053293244695,3.369044240201988,-0.2017221248638755,0.30188408006505724
14082,-576460002577,0.8349610091365676,3.3719497232468973,-0.16473006421607755,0.3022217816213779
14083,-576460002510,0.7943583363541356,3.3722569217910334,-0.19941361487791093,0.30428522283232734
14084,-576460002433,0.84369231185667,3.367889029652335,-0.15492634645000847,0.29307715435166715
14085,-576460002352,0.801610160691029,3.3709338371507527,-0.1920750515337584,0.29933971813003435
14086,-576460002280,0.8348064423254237,3.3729673026629996,-0.16331477654341725,0.2989636784025825
14087,-576460002207,0.78676355604704,3.370374893786331,-0.20445393091715458,0.298332121846828
14088,-576460002132,0.8334337800466195,3.3666082576340424,-0.16278131206973062,0.2903212992262885
14089,-576460002060,0.7971941450914783,3.3715739075038273,-0.1940500044311598,0.2999487791614103
14090,-576460001982,0.8391648158943438,3.3711384173907537,-0.15698327549764898,0.29616661143941064
14091,-576460001907,0.8037719674964696,3.3777807776477276,-0.18895410227287807,0.309176450268644
14092,-576460001833,0.8537677863079609,3.373847255133723,-0.1459749957634185,0.2997252988697373
14093,-576460001754,0.8075990585672488,3.3734517152278234,-0.1865803902937649,0.30268345160813787
14094,-576460001673,0.8506550181945687,3.3737043139826017,-0.15048486461079424,0.2999724327314823
14095,-576460001598,0.8015227916799355,3.3710406880668264,-0.19296742496896624,0.29941211933613526
14096,-576460001513,0.8668727682067467,3.3616851400274363,-0.13732194709121753,0.28196889684467413
14097,-576460001435,0.8280038634073104,3.365613656162881,-0.17270590024600033,0.29274598562530457
14098,-576460001362,0.8780605007418719,3.359958626500972,-0.13127316828621538,0.28376768614780484
14099,-576460001284,0.8521606084640635,3.372331126977917,-0.1564142332442136,0.3051752793974893
14100,-576460001191,0.8933716513600587,3.3761523544975747,-0.12546072228017463,0.3080707453622107
14101,-576460001123,0.8502687736225599,3.3747546250673452,-0.1637706384570143,0.30960187239476
14102,-576460001046,0.8888220093318902,3.3763216806199434,-0.13390435462835973,0.30893928024789624
14103,-576460000970,0.8444546469753792,3.3773015599781657,-0.17317815453600705,0.3120646440687156
14104,-576460000892,0.8891823202703657,3.376074958846883,-0.13756942274326567,0.30683301279527375
14105,-576460000820,0.8410693686927363,3.373482466400044,-0.17943230065084476,0.30655099110365236
14106,-576460000742,0.8876077751149054,3.3682110084462553,-0.140991383945475,0.29607822882017176
14107,-576460000676,0.8526348079574447,3.3773481853784824,-0.1734032184057751,0.3113665727764812
14108,-576460000592,0.887214906070251,3.3816836942807464,-0.1467073927088043,0.3141701208679143
14109,-576460000513,0.8382662210567318,3.381951276545516,-0.18981850886359333,0.31559625593090024
14110,-576460000442,0.878108598497555,3.3806070349350907,-0.15643177882877296,0.30912494254999484
14111,-576460000360,0.8348805353237393,3.386505172882172,-0.194527641272512,0.31851352128358307
14112,-576460000288,0.8699954241001049,3.385941129817041,-0.16547632614441202,0.3133101571140874
14113,-576460000210,0.8103799108632393,3.3812919812920357,-0.21648714595859497,0.3087705855106998
14114,-576460000126,0.8614326107850916,3.377583479205453,-0.17118535894940773,0.29882207784443615
14115,-576460000055,0.814826962990544,3.376335702178947,-0.21011561784066696,0.2998995895737319
14116,-576459999981,0.8483271347397362,3.3775712848437225,-0.18089584999037447,0.2993940615878935
14117,-576459999875,0.7889052195254614,3.3782286246492075,-0.22968730638014914,0.3022264970467735
14118,-576459999821,0.841666017503561,3.368690381736146,-0.1826658473790452,0.2879804969157519
14119,-576459999736,0.7965616168475587,3.37173021173373,-0.21857094303514601,0.2948694852976196
14120,-576459999668,0.8431338518238538,3.366542342935173,-0.17805341958697646,0.28366463566094346
14121,-576459999596,0.7958245268581271,3.3635720605458537,-0.21670913886469256,0.2862200520334645
14122,-576459999506,0.841760177679791,3.361900498660588,-0.1763006362371708,0.282935407220539
14123,-576459999421,0.7944793924786527,3.364439389705717,-0.21607943612927757,0.2901005486695448
14124,-576459999358,0.84103792917258,3.357274358184328,-0.17492229930662967,0.27741135117783977
14125,-576459999276,0.8016063886926518,3.363002631389684,-0.20852768031504465,0.28926648142160016
14126,-576459999207,0.8243036025212834,3.3676942410916153,-0.18786594839611234,0.29489101959888975
14127,-576459999119,0.7875201110587631,3.3819694244697462,-0.20725409463111394,0.3865585522768262
14128,-576459999055,0.8294293629874651,3.3848212862620253,-0.17316507569550404,0.38241001064797825
14129,-576459998969,0.7658959740852519,3.382449677401011,-0.22611414355033477,0.37442076339819336
14130,-576459998897,0.8329699179951612,3.374464629205299,-0.1663563310512573,0.3482780181283298
14131,-576459998827,0.7983919414179622,3.383379322257411,-0.19446316731658672,0.3618387941860923
14132,-576459998741,0.8403226996752078,3.3901273419200573,-0.1566299577151682,0.3708170565185245
14133,-576459998657,0.7828616564074982,3.3904589998540047,-0.18652545559693273,0.3841486661598953
14134,-576459998581,0.8398017997960145,3.38918758729246,-0.15207704330695332,0.3649997611362314
14135,-576459998505,0.7999161363258318,3.3980604528540077,-0.18855289536956665,0.39199962593147625
14136,-576459998435,0.8632472694138582,3.3940407936977626,-0.13049855875035193,0.40958507347913076
14137,-576459998349,0.8208323257205943,3.41009077914239,-0.14888987720564326,0.4761814560115384
14138,-576459998274,0.8766987877441746,3.419474486649684,-0.08893157685396355,0.5072924350063004
14139,-576459998195,0.8105034716554417,3.417298060188822,-0.1534827533724816,0.4938232600279911
14140,-576459998126,0.8778044249872056,3.4160995568105483,-0.10221972781869101,0.4696501700379864
14141,-576459998052,0.8079488767861378,3.4146777695439883,-0.16310724070391214,0.45771548231667697
14142,-576459997976,0.8926957009858909,3.406989388942923,-0.10692381957885769,0.4120994296056868
14143,-576459997901,0.8156439483487901,3.3916978646954377,-0.17446651453684223,0.3984499382200004
14144,-576459997825,0.9031328403680602,3.3773006916095816,-0.09384123245425552,0.3644987729937224
14145,-576459997738,0.8217989234735841,3.3626699035446146,-0.15539546228161075,0.3860307872805357
14146,-576459997663,0.9101060432969602,3.348896399709785,-0.08144593383247589,0.38011819441459505
14147,-576459997591,0.8280810011553107,3.3256064838116046,-0.16277780994546404,0.34131896946950563
14148,-576459997513,0.9050731650451748,3.3119156168383723,-0.10525895888307549,0.293205053043659
14149,-576459997446,0.8236155953763409,3.2803485254645985,-0.16967632650329603,0.2458632639644091
14150,-576459997363,0.8815643162839003,3.2699399732344214,-0.13588608521765463,0.23554114538130985
14151,-576459997291,0.8170508052891603,3.246624918152822,-0.19267918849060772,0.20990403226113097
14152,-576459997219,0.8898518152760175,3.2245055152665136,-0.15011656527170497,0.1673158076588066
14153,-576459996873,0.9388845596153667,3.2124764230232468,-0.10254603367690544,0.08685787763290419
14154,-576459996798,0.8057527389776145,3.133507195872592,-0.22047917803311814,0.05042858855153701
14155,-576459996721,0.8884100270293847,3.0916787189951647,-0.1484143227034334,0.019684432048762163
14156,-576459996642,0.8391848788775743,3.066946791116086,-0.18631905432717594,-0.018240567989305193
14157,-576459996583,0.8925177946207542,3.0375257216857854,-0.1525505315114249,-0.026704097476271064
14158,-576459996500,0.8498183345090919,3.0192116793146138,-0.22329236030786695,0.012970575184634743
14159,-576459996416,0.8912664572991792,2.9946661098616665,-0.19518873653617963,-0.01384724435075103
14160,-576459996340,0.8441843030109466,2.9717117084170357,-0.21956853653020642,-0.02797285650512629
14161,-576459996251,0.8896874871113867,2.942559924622712,-0.19274914814415767,-0.024819228934873275
14162,-576459996182,0.8454408828492299,2.921393131013974,-0.24214262974884498,0.001102418381184498
14163,-576459996109,0.8878775550952211,2.8975419017812025,-0.21949766951723831,0.035208861191927295
14164,-576459996033,0.8417182252613946,2.881160702685038,-0.25764038782570425,0.050563585456581836
14165,-576459995960,0.8823924775175052,2.859079606919276,-0.2147769328778607,0.02505777413806564
14166,-576459995874,0.8370840397945971,2.8427811665849285,-0.25525330737505836,0.02797867695810055
14167,-576459995801,0.8772465439918455,2.8196065897966465,-0.23135695747845342,0.03746441365652439
14168,-576459995723,0.8422435015102818,2.811499780016826,-0.25257753860548,0.06738040699908775
14169,-576459995636,0.8770654433132757,2.7930277769196294,-0.22035214752591348,0.06387315844198839
14170,-576459995579,0.8356768462604847,2.7782799115453245,-0.24196298756562765,0.05488284678893931
14171,-576459995489,0.8660684576359079,2.7606141243356506,-0.20165735847238617,0.06413020407334899
14172,-576459995428,0.830800113639991,2.748195018355797,-0.23104969697477545,0.0867825967502037
14173,-576459995345,0.862330551671955,2.7333934133976854,-0.20037622445470105,0.09995164969421555
14174,-576459995267,0.8345996852874054,2.729939831760652,-0.2292309101355474,0.11321512958245779
14175,-576459995199,0.8708539677781576,2.7137755426753616,-0.19743253564962843,0.11163641246379412
14176,-576459995112,0.8180305757937115,2.6993197076905857,-0.24480591120556705,0.12136204761645777
14177,-576459995041,0.8658734920604447,2.6776678206101936,-0.20231793277413548,0.11561845532371923
14178,-576459994974,0.824567204930924,2.664829701030975,-0.2396145008574999,0.14070100548104894
14179,-576459994903,0.8747223126530251,2.6438630679093666,-0.19978036913173458,0.13630858605959073
14180,-576459994813,0.8136119507267996,2.6299723601467537,-0.25500192798112736,0.14924497976645434
14181,-576459994737,0.881530685236041,2.6003624347005827,-0.18267914180731135,0.0999338221251774
14182,-576459994660,0.8239380942423168,2.574070158945912,-0.23898826427622186,0.08392781122940114
14183,-576459994584,0.8709825226570489,2.55099798345142,-0.1871456155480587,0.07738773977495378
14184,-576459994505,0.8381163377569654,2.5447914428364506,-0.21992614844659256,0.08615079586012618
14185,-576459994429,0.8724099563516873,2.5276685942397625,-0.19827996383841287,0.07599242902017331
14186,-576459994353,0.8300651475497614,2.512417417579649,-0.2565269590782334,0.06114503014217951
14187,-576459994283,0.8713970648807127,2.489502175961168,-0.21454390600748238,0.051593699462133026
14188,-576459994206,0.8392573539477467,2.4828188198951424,-0.24330578686687337,0.08003672690878119
14189,-576459994133,0.884611255171516,2.4597394225872233,-0.19403812777920143,0.08111949158457843
14190,-576459994056,0.8418028760823851,2.4456334575158656,-0.22300823037855352,0.11737682930558457
14191,-576459993979,0.8838209812874841,2.42792682908511,-0.19378217326216127,0.14173687828594284
14192,-576459993910,0.8399088676447801,2.4163591057861677,-0.25961135868924634,0.17860491004273438
14193,-576459993829,0.8898004303475062,2.397401790049238,-0.1616584271949654,0.14856237471717476
14194,-576459993751,0.8438667318161723,2.3817216328814994,-0.22603343560851782,0.10199677976499241
14195,-576459993674,0.8835413166895991,2.3617191813784433,-0.1960437585770623,0.08855727093047461
14196,-576459993604,0.8462035388685297,2.3511746991970215,-0.2575804592511592,0.10185908315008668
14197,-576459993528,0.8789938539428304,2.3339190820723315,-0.23002161502527463,0.10620365958603645
14198,-576459993454,0.8409490236288613,2.326389040307516,-0.2701363942136251,0.1463828907195841
14199,-576459993372,0.8684372532840311,2.316168176242685,-0.2311819854734371,0.1666537738540282
14200,-576459993297,0.8289963585190802,2.3102893749344395,-0.2589289988709512,0.1696891124881295
14201,-576459993215,0.8850432112706139,2.2876756511486986,-0.18162901186317007,0.16469647341320826
14202,-576459993139,0.8501791639570008,2.283846935906501,-0.21480492257014777,0.18632999125005822
14203,-576459993063,0.9122775509255394,2.258975923225767,-0.16355483783857988,0.184986158901437
14204,-576459992990,0.8598279943258682,2.2459004462011545,-0.22657060802010115,0.19583461693822884
14205,-576459992903,0.896377313823452,2.2348425173695246,-0.19253305491751405,0.18973818912050397
14206,-576459992832,0.8436104224023543,2.216318105513219,-0.24031603479933958,0.182631894261363
14207,-576459992755,0.9055736691042438,2.1908819105081667,-0.16928457932443983,0.17093679157016403
14208,-576459992670,0.8545373700602812,2.1733298691691747,-0.22310765553398249,0.17293243416457235
14209,-576459992611,0.9114008407996148,2.1482845095582737,-0.17182737497904949,0.14556371007777194
14210,-576459992529,0.8676429816829743,2.13721514296861,-0.21535961542805426,0.16492486830153186
14211,-576459992453,0.9368258703450519,2.1052428243707473,-0.1488462981259319,0.12537621453546935
14212,-576459992372,0.8943627073568218,2.089083922772377,-0.19682605282300175,0.09296775983595648
14213,-576459992301,0.9481405261048027,2.0588775500575673,-0.1473819166680317,0.05500666130269106
14214,-576459992226,0.9061289970534576,2.037266511056338,-0.18943548188000922,0.04535009998136524
14215,-576459992131,0.9545200788921139,2.006133890276252,-0.1325538908905517,0.020165802792949383
14216,-576459992066,0.9215085320063299,1.988198755306911,-0.16613864334887207,0.017506225634686817
14217,-576459991984,0.9675079600034081,1.9570677814769901,-0.11665071153557491,-7.575285866440948e-4
14218,-576459991907,0.9463880175376641,1.946803395025886,-0.1313230657649701,0.004819725269369711
14219,-576459991829,0.9974765573428974,1.9125047429295552,-0.0826773223222315,-0.013141397797878755
14220,-576459991743,0.976929307743361,1.9017878566686786,-0.11698480523996412,0.0018686643671366066
14221,-576459991681,1.0224840611145933,1.8705441014506674,-0.08006217481829153,-0.019565844881574174
14222,-576459991614,1.0319258922313002,1.883077750033167,-0.0774621111966646,0.01921288701344362
14223,-576459991531,1.0570410500522074,1.8650249596899686,-0.05150351522330192,0.013382738142988349
14224,-576459991460,1.0624250189952218,1.874644227573942,-0.0576829798625579,0.04941343251929288
14225,-576459991373,1.0896566702121238,1.8577797047731899,-0.03775017506401404,0.041817243987287846
14226,-576459991296,1.022958881433576,1.809306623464197,-0.11897443910319602,-0.006866035716012457
14227,-576459991205,1.0413705595586422,1.7908348490496098,-0.109419087740487,-0.004458216293216858
14228,-576459991056,1.0400727279080086,1.77812514480797,-0.13391339248874465,-9.963668191188477e-4
14229,-576459990953,0.9578241063620396,1.7153933161721162,-0.22678802936120845,-0.08711770145702938
14230,-576459990891,0.9570743133539671,1.6970250372587137,-0.22507295056836954,-0.055800062178387455
14231,-576459990811,0.9060636163107317,1.6637134422292792,-0.2671091818414833,-0.04262292776653034
14232,-576459990735,0.8997090220002143,1.6540332149699637,-0.2688479651495162,-0.007862259341430257
14233,-576459990670,0.8730111229805526,1.6459233071744204,-0.29360727942441195,0.018223217135056674
14234,-576459990578,0.8697608237213923,1.6357453217486448,-0.30250205416802733,0.05507530391731943
14235,-576459990482,0.8480462776738746,1.632290651732189,-0.29836620196391517,0.05965162442498319
14236,-576459990408,0.8399867893759086,1.6258652069449333,-0.3163015921596424,0.11222817487038841
14237,-576459990334,0.8246917399934748,1.6463041139865964,-0.3127292720259152,0.17694931152492324
14238,-576459990264,0.851910143863828,1.6315030200969018,-0.26683644210865515,0.17761260319538524
14239,-576459990173,0.8292528808086611,1.6595487145405698,-0.27897267456977265,0.25330069952035894
14240,-576459990099,0.8514892367074122,1.653878545911051,-0.2415099457452539,0.2453882403745169
14241,-576459990022,0.8269956635423441,1.6687809130911722,-0.2593735616565534,0.2800968379342302
14242,-576459989944,0.8543097079895807,1.6642235997144752,-0.21728834185283563,0.2887279049207429
14243,-576459989862,0.8373835980985804,1.6901890042540924,-0.23009981762178516,0.3278690183580791
14244,-576459989788,0.8682632452178929,1.6872136658592705,-0.1878067585609352,0.3293282093369206
14245,-576459989715,0.8396599821868794,1.6931144454348643,-0.2160843363262165,0.34332736555197885
14246,-576459989630,0.8784276480652351,1.6914236844876156,-0.16371720708706888,0.33934115221893024
14247,-576459989555,0.8450125074089139,1.6974416892642266,-0.19782464255820423,0.3525612762758039
14248,-576459989479,0.8641010117692661,1.7051504360190919,-0.1722797712699895,0.36674577495148486
14249,-576459989404,0.827845279645286,1.7032517001111918,-0.20886856625178424,0.36446965388274605
14250,-576459989333,0.8596121633485332,1.7060609342646214,-0.1659237816393623,0.36941589001453384
14251,-576459989236,0.8281181371783809,1.7191102039868096,-0.19782498207804627,0.39040998188870285
14252,-576459989177,0.8648259024435427,1.7196691230092631,-0.15193310801796484,0.38720268799249735
14253,-576459989104,0.8306127883447421,1.725363803921329,-0.1876546759051059,0.3953649758067536
14254,-576459989021,0.8820483890041537,1.7203691477022096,-0.12530525659862002,0.38323980393053464
14255,-576459988940,0.8449571049393854,1.7242226874212754,-0.16671778277611765,0.3866332871048982
14256,-576459988855,0.8787397610077324,1.7300040314312801,-0.12655685097643016,0.3907296064768891
14257,-576459988780,0.8402249081365964,1.7290018024141112,-0.16881248457436904,0.3892532893697031
14258,-576459988716,0.890203078254154,1.719633175840883,-0.11166394021421827,0.37314706864199965
14259,-576459988645,0.8551396690359125,1.7143473669694531,-0.1509550832461261,0.36917874243483173
14260,-576459988561,0.8717804822100701,1.733972285450552,-0.1326711327000552,0.3961493158055091
14261,-576459988494,0.8388634333744314,1.7247611969247465,-0.16871740250676154,0.38408896930888997
14262,-576459988410,0.872375312583028,1.7369177951386257,-0.1291051400008515,0.3958543968017414
14263,-576459988329,0.8303121410536579,1.7365759614813479,-0.17625865626900827,0.3979646902759726
14264,-576459988264,0.8630145757978054,1.7381483846567907,-0.13810572984321529,0.3946393928921911
14265,-576459988177,0.8208730057335375,1.7422350496795844,-0.18357417033529047,0.3997837381494174
14266,-576459988113,0.865857355041788,1.7363619097616778,-0.13111396526571617,0.3878267315932314
14267,-576459988018,0.8225794095398475,1.740395609415849,-0.17688204181663322,0.3928431881399933
14269,-576459987868,0.8192249506349834,1.7480642526467096,-0.17973321602653486,0.4003515598806718
14270,-576459987795,0.8686797523948055,1.742583415856336,-0.12037507414320982,0.3851973455443819
14271,-576459987722,0.8246397255315671,1.7341683547915636,-0.17032068810614778,0.37280299998928806
14272,-576459987615,0.8652958387925965,1.7423189944055866,-0.11904893630024811,0.3791372610187641
14273,-576459987542,0.8262498226912596,1.7390761340334655,-0.16411815145874836,0.3732281105065258
14275,-576459987386,0.8379122539043334,1.7181469050223215,-0.1496866406616879,0.3400019925479611
14276,-576459987305,0.8868257196508988,1.7114258475279425,-0.09226530393588671,0.3284216636051119
14277,-576459987215,0.8453226960495313,1.706196728783136,-0.14179662895572953,0.3295232985128692
14278,-576459987150,0.8859562455857005,1.6999254204769711,-0.09649518142976321,0.324509642329211
14279,-576459987072,0.8537704696845115,1.7031428622979399,-0.13539226899536802,0.33493120899273476
14280,-576459986995,0.9014688234313971,1.695732411108557,-0.08245894333342454,0.3272598450796727
14281,-576459986912,0.8603330085146943,1.6896349405755466,-0.13246774051104748,0.32775777646069293
14282,-576459986829,0.8909444054710541,1.691660222891457,-0.10078240976583375,0.3344525050238165
14283,-576459986759,0.8595938440975092,1.6902633235633462,-0.1362512203645415,0.336569864551049
14284,-576459986668,0.8880211405415603,1.6963165660361677,-0.10424336405790748,0.3475476659695518
14285,-576459986606,0.8697535510499171,1.7152420544844045,-0.1271105021521097,0.3762038571427928
14286,-576459986543,0.9008975990447924,1.7165783244951673,-0.09367115942995455,0.3762605304825818
14287,-576459986461,0.8693760506692003,1.7249338802564302,-0.13284856257046893,0.3867715537526564
14288,-576459986391,0.9038161527632474,1.7264286067443115,-0.09455124339747316,0.385936512887568
14289,-576459986280,0.8629952909307259,1.7341449190086147,-0.14310419067251856,0.39474757966195323
14290,-576459986231,0.8973434851924555,1.7335157523149523,-0.10427839179842702,0.3902450293389198
14291,-576459986155,0.8612317938909755,1.7348494711871252,-0.14623819909264243,0.3918064171296601
14292,-576459986073,0.9089841708783994,1.7328388852698713,-0.09231024071809323,0.38446865107448036
14293,-576459986000,0.86621740711432,1.7250191378665498,-0.1421837678886845,0.3731676535556245
14294,-576459985934,0.9006900942430014,1.7246461010501657,-0.10472287970104105,0.37152068090839985
14295,-576459985848,0.8706472774417758,1.7366435351994312,-0.14059055778391796,0.388660226856405
14296,-576459985771,0.912433499295718,1.7360581906955384,-0.09566849935132354,0.3846779797612138
14297,-576459985695,0.8660368415589327,1.7271751897043905,-0.12486881687817698,0.37000265326729287
14298,-576459985620,0.8999650372889015,1.731056351743693,-0.07348242041749378,0.3838054912208265
14299,-576459985541,0.8634387642887785,1.7290771685485615,-0.11308364282845507,0.3799502919948009
14300,-576459985472,0.9057248009711938,1.7277097510390846,-0.05994137649784758,0.3723808393410659
14301,-576459985394,0.8813457671498354,1.7296434550957431,-0.03528536450606102,0.35467988127243777
14302,-576459985321,0.9168652890890532,1.7395937648970972,-0.013571591305729262,0.39704053769680653
14303,-576459985243,0.8897483527391552,1.7449533488497109,-0.059686190860121266,0.4025776372400897
14304,-576459985170,0.9331865293227576,1.7468394185942568,-0.022042219909168964,0.4058487063715719
14305,-576459985090,0.8966618263533773,1.7447006548352433,-0.05797214716166843,0.3935349757732647
14306,-576459985018,0.9358186976544611,1.7478383704540406,-0.013076412278539513,0.3789472926716859
14307,-576459984952,0.9052941830716738,1.7450780980055318,-0.11914393104009705,0.3757019828237403
14308,-576459984857,0.9324115335017191,1.7557480200663904,-0.13116935183915218,0.3642066388089465
14309,-576459984793,0.8906565639719597,1.7466579945299725,-0.1795910983749845,0.35345747798911703
14310,-576459984723,0.9343083490630313,1.7348359953394354,-0.14252591475362886,0.34055930058369194
14311,-576459984634,0.8772872501855994,1.7304601744042727,-0.22009399780398023,0.3400137846051362
14312,-576459984559,0.9138233743844466,1.72430767455569,-0.18933104308274104,0.32139017817546417
14313,-576459984474,0.8728399775386056,1.7259253778564037,-0.2566166123082202,0.3256133723323494
14314,-576459984407,0.9055073934416334,1.719453272383249,-0.23820896669373742,0.3235462341265187
14315,-576459984295,0.8807234363019523,1.755260980180607,-0.2632908441296371,0.38719078525829725
14316,-576459984231,0.9210986854334704,1.7485210496139816,-0.20753455031816617,0.38200485012297825
14317,-576459984154,0.9068740783710126,1.7830612415613931,-0.21706083771514342,0.4248856797003619
14318,-576459984065,0.9605307994898699,1.7747443946066515,-0.15349865888987485,0.3950187043975058
14319,-576459983990,0.9384251604598406,1.7901646696084654,-0.1802556756188487,0.4042086238128802
14320,-576459983898,0.9958313888833644,1.7811198904503176,-0.13059262074247474,0.3707803726909532
14321,-576459983836,0.995849284722203,1.8151563659769638,-0.1430654246988567,0.41780760705932657
14322,-576459983767,1.0467226041332043,1.8025388699148928,-0.08347077653013475,0.39145157475697306
14323,-576459983695,1.0284629063614201,1.8225206189210785,-0.10727456070013686,0.4095056004460096
14324,-576459983610,1.0894816941196623,1.8092473953183072,-0.04172622750454985,0.38337045100992606
14325,-576459983539,1.0756013736830021,1.822664043429512,-0.06372098169622048,0.4024964051346698
14326,-576459983464,1.1316116603053203,1.814350920775851,-0.008176513490799231,0.38185420315828
14327,-576459983386,1.114535086547468,1.8261604095772412,-0.03237912492530731,0.3953795919386406
14328,-576459983291,1.1611347314217424,1.8324190917379777,0.01721405754711114,0.378205814156981
14329,-576459983225,1.1436763315312453,1.843931303895238,-0.020690641363224023,0.3842635254830429
14330,-576459983146,1.1991654427592886,1.8305273322330249,0.014922970629234936,0.35862369628752033
14331,-576459983072,1.15539459111885,1.8238152897595243,-0.06140206940760475,0.34644085972001504
14332,-576459982997,1.2012865141813227,1.8115857397182034,-0.02434770915058291,0.3334543931389015
14333,-576459982924,1.176087970165923,1.8201118902992992,-0.059857330933740224,0.354545607935427
14334,-576459982832,1.2276507237359515,1.8039856082041572,-0.007636224320325867,0.3343148987327882
14335,-576459982760,1.1986708100963621,1.81447725846081,-0.03946187506795031,0.34956127308353424
14336,-576459982687,1.245151963820125,1.802074186433901,0.003816759134746793,0.32702959506025864
14337,-576459982612,1.2229025927946302,1.8100094345417304,-0.03563335868984815,0.3286261532217675
14338,-576459982515,1.2659855417045147,1.8050850297251775,-0.0020988453136679547,0.3177592530785195
14339,-576459982461,1.2488961910047676,1.8067741909238997,-0.02678647036318081,0.3199392594065495
14340,-576459982380,1.2958955528687115,1.7974845371489305,0.010885583300616945,0.3253124122261721
14341,-576459982302,1.2712758630257617,1.8069068457269315,-0.030380970231703677,0.34413532985763157
14342,-576459982225,1.3183549548764952,1.7900226095290988,-0.0019477237299951114,0.32332475276706873
14343,-576459982152,1.286288516206229,1.7940005541275297,-0.05705338446651505,0.33033493543979964
14344,-576459982064,1.3206037458312174,1.7899276833295377,-0.039919167982969066,0.33227640263144487
14345,-576459982002,1.3081087233296274,1.8052290463961136,-0.06615316114093539,0.36242096254447775
14346,-576459981926,1.3472399314839456,1.794934930965134,-0.041370992480693,0.365361213721796
14347,-576459981854,1.3248885468924538,1.8108490419092649,-0.0794236722613953,0.3979099064864936
14348,-576459981780,1.3679416178380954,1.796951592860323,-0.041377097787679354,0.38547308661813684
14349,-576459981694,1.3537816027153446,1.8259520436537875,-0.069300051623824,0.4284675990831892
14350,-576459981629,1.3969090968222468,1.8106051270436623,-0.035180187189032215,0.40620035437091756
14351,-576459981545,1.387665599355812,1.8328072650453946,-0.05591081920088853,0.4256409874260531
14352,-576459981465,1.4349212783093135,1.8269554454324464,-0.026770766348186266,0.3954912120022407
14353,-576459981385,1.411214025521484,1.8357173401512046,-0.035128128189847105,0.3943452831601825
14354,-576459981316,1.4590944813804474,1.8188424553706461,0.0054990049560562845,0.36373632842831005
14355,-576459981243,1.4281953055124397,1.8318330791920232,-0.04525980797904794,0.3692093474191828
14356,-576459981158,1.4881553574754436,1.8008960972479464,0.019852562732229656,0.32212579559538945
14357,-576459981088,1.4600661674983735,1.8071871297113624,-0.018936101869035563,0.3340248868206591
14358,-576459981013,1.5093838086286615,1.782602674730965,0.03185923676287515,0.30612522903442035
14359,-576459980936,1.4876910063207944,1.7932320815124405,0.0027623461045386336,0.3224571330183962
14360,-576459980862,1.5312994147944006,1.7739450243862,0.05323645066759388,0.29527522924301763
14361,-576459980778,1.5067501410323605,1.7800103634123507,0.027488244855595693,0.3070046524578908
14362,-576459980703,1.5493078520242831,1.765704014326588,0.07050884333764769,0.299323814502852
14363,-576459980630,1.5304978771674678,1.7756071415382269,0.04222280092780402,0.31953086923060814
14364,-576459980554,1.5698199630257186,1.7608131145764099,0.07595916755195223,0.29750483211450746
14365,-576459980471,1.5469535169637345,1.7711612685270495,0.04788395917486358,0.3118815647147117
14366,-576459980398,1.5761260148718843,1.7678588616131945,0.06972094082106459,0.31162264255558414
14367,-576459980326,1.5623360808348856,1.7809062914224003,0.02019334611298276,0.32279709551494545
14368,-576459980227,1.60954396141769,1.7644264029069836,0.06808182066966124,0.3250753239277266
14369,-576459980157,1.5878078060184722,1.7748187651640168,0.02972131496004039,0.3363243105068072
14370,-576459980082,1.6201895275658567,1.7678142375692019,0.05547171660164947,0.33239859596403615
14371,-576459980014,1.577748338143042,1.7665961341642844,-0.00227119631491772,0.33960804108899884
14372,-576459979925,1.608304115973654,1.7646900068664166,0.01543301378131447,0.333276497504907
14373,-576459979843,1.5688080028062634,1.7713920454411902,-0.04291258719455455,0.34634310103850696
14374,-576459979781,1.5973038859091164,1.761232346171935,-0.017112552861891207,0.33624239756521856
14375,-576459979701,1.5483903422569507,1.76154944832211,-0.07786539573747467,0.3352282680718724
14376,-576459979619,1.5828713197456765,1.7478242727486404,-0.04463134783045627,0.3282424154566134
14377,-576459979546,1.544963628224681,1.7537821649655623,-0.09534899489007273,0.33557674676215654
14378,-576459979473,1.5666616424184416,1.7497477453816574,-0.07546767452796292,0.33327813278763496
14379,-576459979399,1.5417247239626124,1.765500963668839,-0.1088270537985317,0.3593057418259348
14380,-576459979315,1.5610381264557245,1.7664211119818667,-0.0925085154313481,0.3611243885114203
14381,-576459979242,1.5456927851446076,1.7898775557352165,-0.11308933130045846,0.3939537006225995
14382,-576459979158,1.5738912769894053,1.7820903312990093,-0.0867200736322393,0.3827242048351605
14383,-576459979090,1.5312917009673688,1.7914148302422683,-0.1376912503602352,0.3915841610148037
14384,-576459978990,1.5619149489082478,1.7802929982489488,-0.10723958095427241,0.3781802063159736
14385,-576459978939,1.5239534207556267,1.7918349782880045,-0.1514059078725444,0.3909176628522316
14386,-576459978863,1.5597858588882834,1.7737652551764789,-0.11404721260520878,0.365041126420316
14387,-576459978796,1.527803808405142,1.784612674536878,-0.15096528028290823,0.37879934552657996
14388,-576459978720,1.5598905063376882,1.7662930071384504,-0.11744915357966906,0.3527758502569978
14389,-576459978642,1.5211879854448602,1.7774823369327253,-0.1626547969074062,0.36423237297353384
14390,-576459978553,1.5576152695688275,1.7615949386021899,-0.12232937851234099,0.34115914183760854
14391,-576459978479,1.5133001209970376,1.7675825515906682,-0.17359107307390942,0.3451095181121625
14392,-576459978396,1.5406247453384676,1.7538452250649657,-0.1427270530222513,0.32778517913956096
14393,-576459978322,1.5170278801044168,1.771581135030247,-0.16832333835672128,0.3534031431147604
14394,-576459978249,1.5497689238182581,1.751691552094179,-0.13210520352584654,0.32537637860569196
14395,-576459978172,1.51859916501547,1.7648709134229572,-0.16699764722069052,0.34298828133360987
14396,-576459978098,1.5407196939152832,1.7558206664487097,-0.1414134401110908,0.33196976780233073
14397,-576459978016,1.503989995482978,1.7699668681687375,-0.18188900286583576,0.3492684477961431
14398,-576459977943,1.5272637088446135,1.7591994712443877,-0.15700290744857098,0.3409904129954741
14399,-576459977852,1.4963086768160232,1.7816700337050624,-0.18951345294702496,0.3727684776990516
14400,-576459977791,1.5292377003616113,1.7604365454153825,-0.15314845511776182,0.34674750938795795
14401,-576459977706,1.500473243782413,1.771899792513616,-0.18433132175902617,0.35841696689336133
14402,-576459977636,1.5203616093850105,1.7690849165670475,-0.15928786318989668,0.3569290255999951
14403,-576459977562,1.4851745129465428,1.7825971461936756,-0.19811676663121522,0.37133871618280645
14404,-576459977496,1.5213270402381538,1.7583861325908516,-0.15402296367155577,0.3319354737261456
14405,-576459977408,1.488641177100327,1.7773527311932915,-0.19069435740869375,0.3600887108023082
14406,-576459977336,1.518590701785394,1.7597361646738519,-0.1533263563661159,0.33166737167843596
14407,-576459977253,1.4839026262730832,1.775573698902607,-0.19232104382315632,0.3523195897306313
14408,-576459977177,1.5132258196848551,1.7585037916866157,-0.15535824708279117,0.3257203501290954
14409,-576459977104,1.4727560605182843,1.7652857913300957,-0.20148206184787612,0.3371328126018216
14410,-576459977020,1.4961561293513959,1.754347182730364,-0.1699731098160136,0.32036145780061204
14411,-576459976939,1.4634480534179468,1.7704202239748645,-0.2052621501873462,0.34537310500057994
14412,-576459976862,1.486380964687159,1.759704639541623,-0.17550898843110407,0.33073785542898654
14413,-576459976786,1.4689687235056244,1.783753344699517,-0.19224471072668978,0.36933869703330174
14414,-576459976717,1.50308406254861,1.7635357175679571,-0.15308363561487487,0.3411248558117109
14415,-576459976631,1.482250636116355,1.789728004392333,-0.17548252995737798,0.37938025587393004
14416,-576459976548,1.5190260481655882,1.7709248707641192,-0.1351467507583526,0.35615354009277744
14417,-576459976475,1.4944870251961548,1.7892759026928675,-0.1627214613718935,0.3820564510298074
14418,-576459976389,1.533258307439269,1.7697982083987875,-0.12235337722998924,0.3563054660863121
14419,-576459976318,1.5014093272461762,1.7839773188448913,-0.1586371613759091,0.37570319642523287
14420,-576459976241,1.5381732477834067,1.7644945945074906,-0.12041191993573705,0.3521588546675456
14421,-576459976163,1.5125363773770286,1.7790811301148681,-0.1498812575734217,0.3730618237549458
14422,-576459976074,1.5398807491150288,1.77398492480429,-0.12188726471488438,0.36624547277764036
14423,-576459976017,1.4950959844561063,1.7755402650766168,-0.1720049638135746,0.36771188566916807
14424,-576459975944,1.532248583376654,1.7533354274535404,-0.13277428460800356,0.3391400376005412
14425,-576459975859,1.4988615646291925,1.7691579170836573,-0.1703054125402351,0.3620112742939558
14426,-576459975788,1.5288822439588883,1.7540926351269754,-0.13734947942707088,0.3435657230014305
14427,-576459975712,1.5036422573773152,1.7724290304717563,-0.1655098215120387,0.36991792520210726
14428,-576459975647,1.5330306237680953,1.756603193930428,-0.13388965311142148,0.34981329589928867
14429,-576459975566,1.4974395228260093,1.772370472410038,-0.17345422375331052,0.37393397820100116
14430,-576459975393,1.4534556601696726,1.8353963850003814,-0.2153247342067971,0.45130929003338993
14431,-576459975328,1.5229743568335268,1.7842232544791767,-0.14296266457707782,0.38569501549361435
14432,-576459975250,1.4903243657953653,1.8035379263946403,-0.178518573558954,0.4102384934232924
14433,-576459975147,1.5289260033023033,1.7833092409834217,-0.14017778719794965,0.3861818556358571
14434,-576459975089,1.4973045005422383,1.8079135452972692,-0.17515694405869286,0.4171420664180077
14435,-576459975014,1.5397853583408314,1.7851788818906267,-0.12967439026573715,0.3846709753536553
14436,-576459974935,1.5019730548518337,1.8004064828295776,-0.17128631091753047,0.40205272522948804
14437,-576459974851,1.5444396634765485,1.7775218843989447,-0.12860685831747135,0.3734098958938732
14438,-576459974782,1.5000037407091933,1.786804024858096,-0.17814348179525097,0.38292220163804047
14439,-576459974699,1.5387661786600277,1.7659146350276724,-0.13406519954953786,0.3589918479811035
14440,-576459974633,1.5051877655212513,1.7771215256956037,-0.16856051908972453,0.376145397350729
14441,-576459974559,1.53161538937481,1.766642547995728,-0.1396474354119713,0.3679567046507717
14442,-576459974479,1.4947381453630695,1.782828568950689,-0.18293690063254506,0.3832143488940369
14443,-576459974405,1.5278635364053017,1.765510932628043,-0.14618189245454877,0.36670972558158366
14444,-576459974328,1.4977940028809498,1.784309076315436,-0.1719494685798344,0.3994090525690516
14445,-576459974250,1.5269535577219537,1.7722236131289113,-0.1422845381820405,0.3705312493178112
14446,-576459974178,1.4936041870453969,1.7878162885314952,-0.1792516101425054,0.3929539481398701
14447,-576459974094,1.5254341847567052,1.7732600017276325,-0.13727893835800492,0.3516937453790342
14448,-576459974024,1.4975386732290936,1.788297916746777,-0.15883892339874062,0.3441758130384744
14449,-576459973946,1.5243690438886703,1.7751887912170048,-0.1265615768776951,0.31918967612976595
14450,-576459973869,1.5022328931973765,1.789527043170204,-0.1433370215033297,0.3359488728340601
14451,-576459973784,1.5234087485645356,1.7851548633059775,-0.11394758244275602,0.2847135466796022
14452,-576459973724,1.502656548564644,1.7948941244989882,-0.13355926039305802,0.301952350039479
14453,-576459973643,1.5275572605362846,1.783825862830667,-0.11263439348326293,0.290130660370204
14454,-576459973569,1.5091426737658182,1.8000151058521652,-0.1407903476822787,0.3017830710426588
14455,-576459973412,1.4627147822907807,1.8412949547042767,-0.1989735854406396,0.3876180922726801
14456,-576459973346,1.475734438046397,1.8428298522670596,-0.17763844844465262,0.3949505678341493
14457,-576459973258,1.445864734869833,1.869829229615654,-0.21000999125982425,0.4214512916612629
14458,-576459973183,1.4763413378732921,1.8549042514692724,-0.18045188776768728,0.3963733314137421
14459,-576459973096,1.4479926582464189,1.8898901129935437,-0.20115633396650706,0.42931205187308125
14460,-576459973023,1.4790465107506467,1.8791668026193349,-0.17320486596626988,0.4137975744474281
14461,-576459972946,1.4452505851522979,1.8989831062123605,-0.21751843027819923,0.4282308747118527
14462,-576459972873,1.4599073988547229,1.9027859262684863,-0.2030941167965834,0.4341297572360513
14463,-576459972797,1.4104745246289143,1.9155729086426385,-0.24867247004546938,0.4485461114125568
14464,-576459972716,1.4367993839373083,1.9107777682522813,-0.21532560321065017,0.4393935490188414
14465,-576459972528,1.439264817011264,1.9550332395583314,-0.20701117172035333,0.4819902739460413
14466,-576459972363,1.4392407389773667,1.9958785965106258,-0.1993734360909339,0.5116040487396897
14467,-576459972236,1.4428236490589543,2.0194856106551717,-0.2041497199729739,0.5289497472569952
14468,-576459972161,1.355770213599135,2.019051470719923,-0.2872132447793908,0.5171676597521364
14469,-576459972096,1.384630336960607,2.0066378456602285,-0.25380755390269216,0.48734250846603444
14470,-576459972010,1.32149962867438,2.0309202925451206,-0.3112838556122949,0.516744654928184
14471,-576459971934,1.361817881029434,2.0234247437722965,-0.26819315722333675,0.5110770194738203
14472,-576459971859,1.3289196755882269,2.053966595871889,-0.2925085048693721,0.5308353041463671
14473,-576459971781,1.3621271563729629,2.051401360603314,-0.24645869695283612,0.513776160167043
14474,-576459971707,1.3291275739588775,2.083268925563902,-0.26897764293687904,0.5459571927217689
14475,-576459971632,1.375522007922097,2.071347485306676,-0.21967531180665667,0.4972296731213413
14476,-576459971554,1.3393898806272893,2.0982221313175073,-0.2482764873072122,0.5068002981234478
14477,-576459971451,1.3770860229089086,2.094653711310507,-0.20700077819031135,0.4984922074657553
14478,-576459971390,1.3238039614089607,2.1101399805448486,-0.2536135267430084,0.5044515567691893
14479,-576459971316,1.3499032379418066,2.1093874754056503,-0.22230836035840104,0.4865506060231039
14480,-576459971246,1.3053943002499018,2.1302777617431117,-0.26637934231056054,0.502580965344332
14482,-576459971102,1.294832302987657,2.1391089017737857,-0.26794047860113307,0.4675456094276699
14483,-576459971019,1.3319086534314175,2.131176809206015,-0.22752265696991872,0.43910048801069174
14484,-576459970949,1.2914784337036942,2.1418454491759285,-0.2709137021636718,0.4482481194257319
14485,-576459970866,1.312132238534627,2.147467922581489,-0.23607958735556264,0.44397471040290903
14486,-576459970803,1.2717655756411868,2.1599696572071285,-0.2701682402334768,0.4552665625083094
14487,-576459970720,1.287637105703366,2.167740600705843,-0.23770297591337677,0.4182337715987495
14488,-576459970645,1.2566608907073744,2.1908390356554817,-0.2710195748968642,0.4308243633304125
14489,-576459970569,1.2814373814733344,2.189114763811255,-0.23678934653003833,0.41253995550237726
14490,-576459970493,1.2426824644141228,2.2083895907127395,-0.28298233003838674,0.452540574892066
14491,-576459970419,1.2696492409909161,2.207288917531303,-0.25924960104300737,0.46035498973458816
14492,-576459970327,1.2301374712227873,2.2390381110072504,-0.28362545864633654,0.4713762964375887
14493,-576459970274,1.2617599955058445,2.2300704760023016,-0.24231980656553856,0.43498338245178275
14494,-576459970195,1.2260553467223207,2.254590950519479,-0.2741857018392873,0.46238303173645123
14495,-576459970100,1.2489718482785155,2.2631447462211427,-0.23689881932632995,0.4545657187502428
14496,-576459970030,1.2199474008514157,2.2753981443071494,-0.2702469548527492,0.4579450186284147
14497,-576459969955,1.2465888080878798,2.281442386582137,-0.226818801638087,0.4347009651876236
14498,-576459969881,1.2137185905292318,2.304545540885057,-0.25527301723995394,0.45287623618705586
14499,-576459969805,1.23713567160662,2.3086462606126767,-0.2304504621299298,0.44495645632633407
14500,-576459969715,1.1921326446601337,2.3315484846236827,-0.2676839219013147,0.4395938185679813
14501,-576459969650,1.2222540533154718,2.3238142722254733,-0.22932301964194102,0.40932254653760036
14502,-576459969571,1.1829427156939718,2.347985658627418,-0.2592822453244288,0.40916073404917686
14503,-576459969488,1.2214960642048553,2.33981748692341,-0.20401059254333687,0.3640137852988374
14504,-576459969414,1.187565609552049,2.3547000539978313,-0.2412503000925536,0.382269634616719
14505,-576459969341,1.2074696335078772,2.357840317667597,-0.22598085148926395,0.402938958672378
14506,-576459969245,1.1702897341667153,2.3867048115205365,-0.27349888104599607,0.47097937378497856
14507,-576459969177,1.201977984073383,2.385967557220858,-0.23736676526361583,0.46044602345414565
14508,-576459969104,1.1682399105498438,2.412111922213399,-0.28605351890197644,0.5084861889197292
14509,-576459969026,1.1915701961082201,2.4221668902095326,-0.27324869014904296,0.5278601195180446
14510,-576459968949,1.1475648300633121,2.444824265743759,-0.30097978313090923,0.5048267331518902
14511,-576459968873,1.1840670748013522,2.4436130164203016,-0.2614191436650295,0.45938403993511007
14512,-576459968805,1.1507688732225043,2.466804772509217,-0.2932035078128606,0.49613042233854976
14513,-576459968446,0.9957278345481484,2.620906780309642,-0.37126107291770294,0.5652671606031274
14514,-576459968275,0.8948606970140676,2.6602044214129337,-0.4735426448792923,0.5703894099228182
14515,-576459968195,1.0906425762720742,2.5864920583144957,-0.31173791464611444,0.5003534719758793
14516,-576459968120,1.0209993866106248,2.592694321643503,-0.36829972556152457,0.5130558025769241
14517,-576459968057,1.124978999271624,2.5597945242655857,-0.27050639869448795,0.43185988626562594
14518,-576459967976,1.088983345621874,2.5849663621318837,-0.2927484794476067,0.421571486248674
14519,-576459967897,1.1399298815457548,2.5778782424530076,-0.252497118269609,0.4223668634920567
14520,-576459967816,1.0924110368260287,2.5970811266091585,-0.2892745590223904,0.4491593009900384
14521,-576459967742,1.117025659819052,2.6043987004644573,-0.2650152323212899,0.4317332859906735
14522,-576459967671,1.0695992988308332,2.6184255056180956,-0.2997929274564892,0.4466852001826203
14523,-576459967597,1.0971735080927039,2.623048632114971,-0.27422276795831435,0.41726708982399635
14524,-576459967523,1.0540480459849961,2.6415495429739697,-0.3264498561034492,0.45602622562971296
14525,-576459967433,1.074827984871841,2.655262193762055,-0.2838302634029035,0.4583310570683567
14526,-576459967359,1.0421401734357074,2.6819939164552644,-0.27980563640980033,0.46656255175427164
14527,-576459967280,1.085774641806545,2.6793900803669386,-0.2409684089499154,0.4152754501618523
14528,-576459967196,1.0370141082463435,2.695146467511363,-0.29906545544097785,0.41482887891389675
14529,-576459967127,1.0654001665868018,2.6957438837148646,-0.2688897634465175,0.3923043329787358
14530,-576459967050,1.0251437589486934,2.711995926449975,-0.31121178479212536,0.399715282136704
14531,-576459966961,1.0456245083507634,2.7213325869392073,-0.28178231848259017,0.4105750983120179
14532,-576459966900,1.0138423339979037,2.7374133533994933,-0.3083978890625493,0.41714084288658215
14533,-576459966824,1.0455838071894843,2.738274442066811,-0.2834055167046059,0.4108417271440739
14534,-576459966748,1.0089732954865136,2.759995038689154,-0.320613451455663,0.4319294407679246
14535,-576459966656,1.026567653730208,2.7717027289807836,-0.28946415643978984,0.44182880912739886
14536,-576459966596,0.9891738024871775,2.7922273666581483,-0.31842021637373163,0.4572844370568352
14537,-576459966520,1.0198591172135552,2.7978830568516093,-0.28573888514915724,0.45550919076038765
14538,-576459966443,0.9805217566337224,2.821449992191871,-0.3242420361093243,0.4910717718943327
14539,-576459966369,1.0036119020714556,2.8333217230879466,-0.2929468692222589,0.49222258259813334
14540,-576459966289,0.9657567784299094,2.8635880420931117,-0.3147287964525771,0.5225887205775679
14542,-576459966136,0.9691527849613736,2.89442574164221,-0.30365293662173165,0.49888163488340875
14544,-576459965995,0.961104299256751,2.908071472103231,-0.29336000841606685,0.43966169512003656
14545,-576459965903,0.9898825224390628,2.918809261097624,-0.2570501766131828,0.41581830456341673
14546,-576459965829,0.9543963993905195,2.939223201573803,-0.2829031344271301,0.442159176816417
14547,-576459965766,0.9818087611622204,2.9441426596505984,-0.2478484999299335,0.4364099721419928
14548,-576459965677,0.9471064242650067,2.966489317747467,-0.2651934058927503,0.44809853743982453
14549,-576459965601,0.9801493653786315,2.976470317791042,-0.23148725867754316,0.446640478272666
14550,-576459965526,0.9354470643879507,2.993523975686154,-0.27846884304929553,0.46920097142143713
14551,-576459965463,0.9536758483121255,3.005463783082473,-0.2640849135250426,0.47204934330211107
14552,-576459965377,0.9166164697970633,3.037063240582732,-0.3000797426405248,0.49873333070158615
14553,-576459965306,0.9467095421883739,3.046333758526605,-0.27449921522873577,0.49160018216862805
14554,-576459965228,0.9156902564438841,3.076678573212648,-0.2965266129481339,0.5055633617371978
14555,-576459965146,0.9434455039405141,3.0936359055444664,-0.2609178981026615,0.5079015461044926
14556,-576459965066,0.892204530354983,3.1122600631092334,-0.31695726689155757,0.5322136508572202
14557,-576459965001,0.9150130760486155,3.1274604213648085,-0.28386260712549893,0.5229437759742526
14558,-576459964911,0.8637467596930856,3.1467892794665207,-0.3169696737237301,0.49769900221282304
14559,-576459964857,0.8853768423843809,3.15875489300231,-0.2912820048326515,0.49512801649083094
14560,-576459964768,0.8396393362657188,3.1882409267553045,-0.3438408787572945,0.5107416338626696
14561,-576459964699,0.8655741693110948,3.2013535235923323,-0.3351983529279873,0.5043843423179969
14562,-576459964620,0.8141611847528774,3.2244547393846386,-0.39129923855941257,0.5369799355010386
14563,-576459964547,0.8375539186085952,3.2406007212300487,-0.3794503687592916,0.55123117161696
14564,-576459964466,0.7776713785019512,3.261717562433821,-0.4080683064980424,0.53600418850777
14565,-576459964399,0.815559932849915,3.270210751471653,-0.3497871696989816,0.5100302641844053
14566,-576459964311,0.7573464097316028,3.295657837603848,-0.38282729063409926,0.50330798643667
14567,-576459964238,0.816988952882432,3.29373949640139,-0.33467191759762693,0.4796457218107427
14568,-576459964165,0.7646752734509799,3.309472199847428,-0.3617100139263742,0.5174754757475383
14569,-576459964079,0.8161216241836022,3.319651707280356,-0.3280468536461625,0.499017386845602
14570,-576459964015,0.761707504510805,3.327111264625126,-0.3753385364802436,0.5149326060190269
14571,-576459963928,0.8139603982593571,3.3369289855897795,-0.32268324014570066,0.5321821285276157
14572,-576459963863,0.7564007212158543,3.344882923796646,-0.3575617580861544,0.5110141449317069
14573,-576459963777,0.8093185613949685,3.353797718108203,-0.29987122266458355,0.4961747885368645
14574,-576459963687,0.7505196362938542,3.3704048051603297,-0.3345165714322817,0.4986930297452453
14575,-576459963587,0.8159360922561083,3.377825822829774,-0.2590915074533419,0.4609134829322436
14576,-576459963525,0.7582599626061642,3.3821629073209403,-0.3673065263997857,0.5293535742416237
14577,-576459963445,0.798916289869386,3.3950087264879243,-0.33535986606315665,0.5090805065514671
14578,-576459963357,0.7228958150456294,3.406006276733581,-0.388987736873839,0.5170024121427474
14579,-576459963288,0.7972841444384913,3.4010893371956357,-0.30969737995726576,0.5137986567306663
14580,-576459963218,0.7385874935235912,3.4053613224166295,-0.35775177168728667,0.508355651684523
14581,-576459963140,0.8002207718243209,3.41167610995853,-0.28827821293800693,0.47986325442556066
14582,-576459963066,0.7408048447147197,3.4199279960943683,-0.3355754334843142,0.4713484875761482
14583,-576459962991,0.8193822753956521,3.4122989582129923,-0.2607354324176701,0.44514034008333253
14584,-576459962916,0.7504439534917806,3.4081954425216723,-0.3188654395656208,0.4168304605019176
14585,-576459962832,0.8093329594973455,3.409266181236522,-0.2514254566922467,0.3977848417340889
14586,-576459962766,0.7566231906073988,3.4005544272831867,-0.3018287295647079,0.3776787070499303
14587,-576459962667,0.8082447603026497,3.406786857501878,-0.23835687751748752,0.36449990518241915
14588,-576459962601,0.744408910901445,3.398817884486215,-0.29553121332742627,0.35126026801486165
14589,-576459962520,0.8088187737820713,3.3894974744127615,-0.23762904260438616,0.33123288229499936
14590,-576459962448,0.7616514698106971,3.3942079662513263,-0.2760774108530436,0.3337132773485734
14591,-576459962343,0.8171717797065997,3.388569518217622,-0.21998565067503928,0.31869958088428024
14592,-576459962282,0.7644587986729598,3.3902833313129648,-0.2595369104220919,0.3191360327009246
14593,-576459962219,0.8261403796640416,3.3776038410296425,-0.19823285200470586,0.29229502024492604
14594,-576459962131,0.7731378803201739,3.379711911015256,-0.24282431416589856,0.29683540291953053
14595,-576459962067,0.8427126256444502,3.3621936104794448,-0.18035322167336648,0.2664285273067521
14596,-576459961977,0.7966786820361649,3.36697446425555,-0.21960277612336038,0.28005861293419837
14597,-576459961912,0.8359123466548514,3.362076127656672,-0.18499176257869407,0.27041378316845766
14598,-576459961824,0.7905379020753084,3.3673350139111906,-0.22460203675905915,0.284579071356967
14599,-576459961746,0.8360449394245244,3.3617309244096054,-0.18399579719779963,0.27096340163085575
14600,-576459961673,0.8005271836297857,3.364170457967483,-0.21386400234028188,0.2799656771912213
14601,-576459961597,0.8391921626067412,3.3639370260181813,-0.1773993425799224,0.2772222415494493
14602,-576459961532,0.806833210545388,3.3674275893031185,-0.20762483420614875,0.2858273609352796
14603,-576459961448,0.8571886327204032,3.362869240947925,-0.1640901237452964,0.27545107645767547
14604,-576459961375,0.8173261482172889,3.364374524241877,-0.1999561883866022,0.2816092964673066
14605,-576459961293,0.8607130566951935,3.361348507663472,-0.16370719749634602,0.27416473844118333
14606,-576459961212,0.8110338409919514,3.3596062732032763,-0.20544834592863237,0.2802317851597798
14607,-576459961139,0.8545107002827036,3.3550625862116092,-0.16849581203256225,0.27044250923026386
14608,-576459961048,0.8263960487750674,3.357977224299533,-0.19411396751346316,0.2772748687844999
14610,-576459960885,0.807491539510805,3.3631160429812295,-0.20486979319727236,0.2885167641340077
14611,-576459960819,0.8595651863929811,3.3524828179810675,-0.16055222567898672,0.2661735490138002
14612,-576459960737,0.8336999777412566,3.367907568670666,-0.18420407567476751,0.29201013576898893
14613,-576459960659,0.8904944077994076,3.35761019735902,-0.13660168862500946,0.2684007822728305
14614,-576459960589,0.8572495515818576,3.3620283755456684,-0.16760364665914818,0.2786837364052667
14615,-576459960501,0.8886136350257671,3.3655699181529886,-0.14173900739355053,0.28231171371937447
14616,-576459960439,0.8438376831996602,3.3593065274341893,-0.18211797486067488,0.27411204842765147
14617,-576459960353,0.8805158792166039,3.3594953669257412,-0.1516224328743111,0.27316368757434023
14618,-576459960279,0.8413508264655026,3.3617097946865107,-0.1868796466772012,0.28013477346622306
14619,-576459960204,0.8829028403895368,3.358580853593497,-0.1517690596590854,0.27611235511426657
14620,-576459960128,0.8579062512168321,3.3710301053199396,-0.1724207004300755,0.29191221527172484
14621,-576459960047,0.903626133817788,3.367750508504268,-0.1388414697283135,0.2766695648190527
14622,-576459959964,0.8469917005026868,3.357633632871953,-0.18937414696185156,0.26981892669854834
14623,-576459959892,0.8854437736988988,3.3568202406081027,-0.15953342884831287,0.2702438440238494
14624,-576459959792,0.8447665089039106,3.3587333241647848,-0.19668382701628917,0.27896564303672
14625,-576459959736,0.8737553321992073,3.3617600424965444,-0.17265230421108607,0.28736541290825257
14626,-576459959657,0.8335610797734612,3.3671850525950964,-0.20794880524076545,0.3003694234786831
14627,-576459959581,0.8652672883498407,3.3700904502740108,-0.18143067445211175,0.3023251258354048
14628,-576459959509,0.8174316094872507,3.3697909792625644,-0.2221638369607127,0.30508941515317667
14629,-576459959421,0.871999342592212,3.3640361433707104,-0.17653555197199136,0.29162223610605914
14630,-576459959346,0.8306134419247377,3.369270889267186,-0.2104909550282055,0.3031861216013151
14631,-576459959273,0.8716739114805463,3.367213355659737,-0.1752753455730296,0.2997728944861964
14632,-576459959198,0.8363756423010528,3.3760232906542105,-0.2056600468936868,0.30945353389007013
